Year,Month,Day,Temperature,Dew Point,Humidity,Wind Speed,Pressure,,,,,,,,,
2016,1,1,79.9 ,64.3 ,59.9 ,6.8 ,30.0 ,,,,,,,,,
2016,1,2,80.7 ,63.9 ,58.1 ,4.9 ,30.0 ,,,,,,,,,
2016,1,3,81.8 ,63.8 ,55.8 ,3.5 ,29.9 ,,,,,,,,,
2016,1,4,83.5 ,64.8 ,54.8 ,4.4 ,29.9 ,,,,,,,,,
2016,1,5,83.6 ,65.7 ,57.1 ,5.0 ,29.9 ,,,,,,,,,
2016,1,6,82.8 ,69.6 ,65.8 ,3.1 ,29.9 ,,,,,,,,,
2016,1,7,83.1 ,70.3 ,68.1 ,3.4 ,29.9 ,,,,,,,,,
2016,1,8,80.9 ,73.5 ,79.2 ,4.8 ,29.9 ,,,,,,,,,
2016,1,9,82.4 ,73.0 ,76.0 ,7.0 ,29.9 ,,,,,,,,,
2016,1,10,83.3 ,71.2 ,70.6 ,6.2 ,29.9 ,,,,,,,,,
2016,1,11,82.7 ,72.3 ,73.9 ,4.3 ,29.9 ,,,,,,,,,
2016,1,12,82.2 ,70.7 ,70.1 ,3.7 ,29.9 ,,,,,,,,,
2016,1,13,82.8 ,72.6 ,72.7 ,4.8 ,29.9 ,,,,,,,,,
2016,1,14,84.7 ,74.9 ,74.6 ,6.2 ,29.8 ,,,,,,,,,
2016,1,15,85.2 ,75.9 ,75.4 ,7.0 ,29.8 ,,,,,,,,,
2016,1,16,84.5 ,75.3 ,75.0 ,7.3 ,29.8 ,,,,,,,,,
2016,1,17,86.2 ,74.9 ,70.2 ,6.9 ,29.8 ,,,,,,,,,
2016,1,18,84.7 ,77.4 ,80.1 ,5.6 ,29.8 ,,,,,,,,,
2016,1,19,83.7 ,78.3 ,84.5 ,7.0 ,29.8 ,,,,,,,,,
2016,1,20,83.9 ,77.1 ,81.3 ,7.1 ,29.9 ,,,,,,,,,
2016,1,21,83.4 ,78.5 ,85.7 ,4.9 ,29.9 ,,,,,,,,,
2016,1,22,85.7 ,75.8 ,74.2 ,5.5 ,29.9 ,,,,,,,,,
2016,1,23,85.0 ,77.0 ,78.4 ,5.9 ,29.9 ,,,,,,,,,
2016,1,24,75.5 ,69.1 ,80.5 ,9.7 ,30.0 ,,,,,,,,,
2016,1,25,63.0 ,50.9 ,65.3 ,11.3 ,30.1 ,,,,,,,,,
2016,1,26,66.2 ,50.8 ,58.3 ,13.0 ,30.1 ,,,,,,,,,
2016,1,27,69.2 ,58.1 ,69.6 ,10.7 ,30.0 ,,,,,,,,,
2016,1,28,74.9 ,62.5 ,66.4 ,7.6 ,29.9 ,,,,,,,,,
2016,1,29,82.0 ,67.1 ,61.6 ,5.2 ,29.9 ,,,,,,,,,
2016,1,30,83.9 ,74.6 ,75.4 ,6.4 ,29.9 ,,,,,,,,,
2016,1,31,84.9 ,76.5 ,77.7 ,7.4 ,29.8 ,,,,,,,,,
2016,2,1,85.2 ,75.5 ,75.0 ,4.3 ,29.9 ,,,,,,,,,
2016,2,2,83.2 ,74.1 ,75.7 ,6.8 ,29.9 ,,,,,,,,,
2016,2,3,81.4 ,64.9 ,58.6 ,5.2 ,29.9 ,,,,,,,,,
2016,2,4,82.2 ,65.7 ,59.1 ,4.0 ,29.9 ,,,,,,,,,
2016,2,5,83.2 ,65.7 ,57.2 ,3.8 ,29.9 ,,,,,,,,,
2016,2,6,78.9 ,60.0 ,53.1 ,8.2 ,29.9 ,,,,,,,,,
2016,2,7,71.2 ,47.9 ,44.9 ,8.0 ,30.0 ,,,,,,,,,
2016,2,8,69.5 ,46.0 ,43.4 ,7.8 ,30.0 ,,,,,,,,,
2016,2,9,73.3 ,51.0 ,46.1 ,5.0 ,29.9 ,,,,,,,,,
2016,2,10,77.4 ,55.9 ,49.8 ,4.0 ,29.9 ,,,,,,,,,
2016,2,11,79.8 ,64.6 ,61.9 ,4.3 ,29.9 ,,,,,,,,,
2016,2,12,82.5 ,72.0 ,73.4 ,5.9 ,29.9 ,,,,,,,,,
2016,2,13,83.9 ,75.0 ,77.0 ,6.3 ,29.8 ,,,,,,,,,
2016,2,14,84.3 ,75.8 ,77.8 ,6.7 ,29.9 ,,,,,,,,,
2016,2,15,85.6 ,76.4 ,76.1 ,5.8 ,29.9 ,,,,,,,,,
2016,2,16,84.5 ,77.5 ,80.4 ,6.6 ,29.9 ,,,,,,,,,
2016,2,17,84.9 ,72.7 ,70.7 ,5.2 ,29.9 ,,,,,,,,,
2016,2,18,84.9 ,72.9 ,70.8 ,5.5 ,29.9 ,,,,,,,,,
2016,2,19,84.8 ,74.2 ,72.8 ,6.4 ,29.9 ,,,,,,,,,
2016,2,20,85.1 ,74.9 ,74.0 ,7.6 ,29.9 ,,,,,,,,,
2016,2,21,84.0 ,74.9 ,75.6 ,8.1 ,29.9 ,,,,,,,,,
2016,2,22,84.4 ,74.3 ,73.6 ,6.7 ,29.9 ,,,,,,,,,
2016,2,23,85.2 ,75.0 ,73.5 ,5.8 ,29.9 ,,,,,,,,,
2016,2,24,84.8 ,76.0 ,76.5 ,7.2 ,29.9 ,,,,,,,,,
2016,2,25,82.9 ,66.6 ,60.1 ,8.5 ,30.0 ,,,,,,,,,
2016,2,26,82.4 ,61.9 ,50.5 ,7.3 ,30.0 ,,,,,,,,,
2016,2,27,82.3 ,59.5 ,47.2 ,6.3 ,30.0 ,,,,,,,,,
2016,2,28,83.5 ,60.5 ,46.7 ,4.0 ,30.0 ,,,,,,,,,
2016,2,29,83.3 ,61.4 ,48.3 ,5.0 ,30.0 ,,,,,,,,,
2016,3,1,82.0 ,54.3 ,39.8 ,6.6 ,30.0 ,,,,,,,,,
2016,3,2,83.3 ,58.4 ,43.8 ,5.3 ,29.9 ,,,,,,,,,
2016,3,3,84.7 ,62.8 ,51.2 ,4.8 ,29.9 ,,,,,,,,,
2016,3,4,85.2 ,73.7 ,70.8 ,6.8 ,29.9 ,,,,,,,,,
2016,3,5,85.7 ,75.0 ,72.3 ,8.1 ,29.8 ,,,,,,,,,
2016,3,6,86.0 ,75.7 ,72.6 ,8.2 ,29.9 ,,,,,,,,,
2016,3,7,87.2 ,76.3 ,72.5 ,8.5 ,29.8 ,,,,,,,,,
2016,3,8,86.6 ,76.8 ,73.8 ,9.2 ,29.8 ,,,,,,,,,
2016,3,9,86.8 ,77.1 ,74.4 ,9.0 ,29.8 ,,,,,,,,,
2016,3,10,85.9 ,77.8 ,77.8 ,7.5 ,29.8 ,,,,,,,,,
2016,3,11,87.2 ,77.2 ,74.6 ,8.1 ,29.8 ,,,,,,,,,
2016,3,12,86.5 ,76.0 ,71.7 ,12.4 ,29.8 ,,,,,,,,,
2016,3,13,86.7 ,74.5 ,68.7 ,10.2 ,29.9 ,,,,,,,,,
2016,3,14,87.1 ,76.5 ,73.1 ,7.8 ,29.8 ,,,,,,,,,
2016,3,15,87.1 ,76.4 ,72.5 ,10.1 ,29.8 ,,,,,,,,,
2016,3,16,87.6 ,75.7 ,69.2 ,9.7 ,29.8 ,,,,,,,,,
2016,3,17,87.8 ,76.4 ,71.5 ,8.2 ,29.8 ,,,,,,,,,
2016,3,18,87.2 ,77.7 ,74.3 ,9.4 ,29.8 ,,,,,,,,,
2016,3,19,87.4 ,77.6 ,73.8 ,8.7 ,29.8 ,,,,,,,,,
2016,3,20,87.7 ,77.8 ,74.0 ,10.8 ,29.8 ,,,,,,,,,
2016,3,21,87.5 ,76.8 ,72.1 ,9.8 ,29.8 ,,,,,,,,,
2016,3,22,88.0 ,78.0 ,74.0 ,9.0 ,29.7 ,,,,,,,,,
2016,3,23,88.8 ,76.2 ,69.2 ,8.6 ,29.8 ,,,,,,,,,
2016,3,24,89.5 ,73.7 ,64.3 ,7.3 ,29.8 ,,,,,,,,,
2016,3,25,87.8 ,75.9 ,69.6 ,9.4 ,29.9 ,,,,,,,,,
2016,3,26,85.9 ,69.3 ,59.0 ,8.3 ,29.9 ,,,,,,,,,
2016,3,27,84.1 ,77.3 ,80.4 ,6.6 ,29.9 ,,,,,,,,,
2016,3,28,84.6 ,71.9 ,68.0 ,7.1 ,29.9 ,,,,,,,,,
2016,3,29,85.1 ,74.6 ,72.2 ,6.9 ,29.9 ,,,,,,,,,
2016,3,30,85.4 ,76.9 ,76.6 ,6.2 ,29.9 ,,,,,,,,,
2016,3,31,86.6 ,77.0 ,73.4 ,8.4 ,29.9 ,,,,,,,,,
2016,4,1,86.9 ,75.7 ,70.7 ,8.7 ,29.8 ,,,,,,,,,
2016,4,2,87.0 ,75.9 ,71.5 ,8.2 ,29.8 ,,,,,,,,,
2016,4,3,88.6 ,75.8 ,67.9 ,8.7 ,29.8 ,,,,,,,,,
2016,4,4,89.0 ,75.0 ,66.0 ,9.6 ,29.8 ,,,,,,,,,
2016,4,5,88.9 ,76.7 ,68.9 ,8.8 ,29.8 ,,,,,,,,,
2016,4,6,90.3 ,75.5 ,66.2 ,9.5 ,29.8 ,,,,,,,,,
2016,4,7,89.2 ,78.2 ,71.5 ,10.3 ,29.8 ,,,,,,,,,
2016,4,8,88.5 ,76.3 ,68.8 ,9.8 ,29.8 ,,,,,,,,,
2016,4,9,88.8 ,75.8 ,67.4 ,10.3 ,29.8 ,,,,,,,,,
2016,4,10,90.3 ,77.4 ,68.0 ,9.2 ,29.8 ,,,,,,,,,
2016,4,11,90.6 ,76.2 ,65.9 ,8.8 ,29.7 ,,,,,,,,,
2016,4,12,90.8 ,74.4 ,61.0 ,8.7 ,29.7 ,,,,,,,,,
2016,4,13,91.3 ,72.5 ,55.0 ,9.8 ,29.7 ,,,,,,,,,
2016,4,14,91.7 ,72.0 ,53.9 ,10.0 ,29.7 ,,,,,,,,,
2016,4,15,91.2 ,77.2 ,65.4 ,9.8 ,29.8 ,,,,,,,,,
2016,4,16,91.0 ,77.3 ,65.8 ,9.0 ,29.8 ,,,,,,,,,
2016,4,17,90.6 ,79.5 ,71.2 ,9.7 ,29.8 ,,,,,,,,,
2016,4,18,91.0 ,78.1 ,67.6 ,9.7 ,29.8 ,,,,,,,,,
2016,4,19,90.1 ,77.5 ,68.3 ,9.7 ,29.8 ,,,,,,,,,
2016,4,20,90.1 ,76.5 ,66.1 ,9.0 ,29.8 ,,,,,,,,,
2016,4,21,89.8 ,74.4 ,62.5 ,9.9 ,29.8 ,,,,,,,,,
2016,4,22,91.3 ,76.5 ,64.0 ,10.0 ,29.8 ,,,,,,,,,
2016,4,23,91.3 ,77.0 ,65.1 ,10.3 ,29.7 ,,,,,,,,,
2016,4,24,90.8 ,77.4 ,66.5 ,10.1 ,29.7 ,,,,,,,,,
2016,4,25,90.7 ,78.5 ,68.8 ,9.7 ,29.7 ,,,,,,,,,
2016,4,26,91.0 ,79.6 ,71.0 ,10.0 ,29.8 ,,,,,,,,,
2016,4,27,91.3 ,78.9 ,69.0 ,9.7 ,29.7 ,,,,,,,,,
2016,4,28,91.3 ,80.2 ,71.9 ,10.9 ,29.7 ,,,,,,,,,
2016,4,29,90.8 ,80.0 ,72.4 ,9.1 ,29.8 ,,,,,,,,,
2016,4,30,83.8 ,78.3 ,84.2 ,8.4 ,29.8 ,,,,,,,,,
2016,5,1,86.4 ,76.1 ,74.2 ,6.4 ,29.8 ,,,,,,,,,
2016,5,2,90.2 ,77.8 ,68.2 ,8.5 ,29.8 ,,,,,,,,,
2016,5,3,91.0 ,75.7 ,62.8 ,8.5 ,29.8 ,,,,,,,,,
2016,5,4,90.8 ,76.4 ,64.7 ,8.7 ,29.8 ,,,,,,,,,
2016,5,5,91.7 ,77.4 ,65.8 ,7.9 ,29.8 ,,,,,,,,,
2016,5,6,90.4 ,75.8 ,61.9 ,8.8 ,29.1 ,,,,,,,,,
2016,5,7,92.4 ,77.8 ,64.2 ,9.8 ,29.7 ,,,,,,,,,
2016,5,8,92.0 ,77.8 ,64.5 ,10.7 ,29.8 ,,,,,,,,,
2016,5,9,92.7 ,76.3 ,61.0 ,10.3 ,29.8 ,,,,,,,,,
2016,5,10,92.6 ,75.1 ,59.0 ,10.1 ,29.7 ,,,,,,,,,
2016,5,11,92.5 ,78.9 ,65.5 ,9.5 ,29.7 ,,,,,,,,,
2016,5,12,92.8 ,78.5 ,64.9 ,11.7 ,29.7 ,,,,,,,,,
2016,5,13,92.3 ,76.4 ,61.9 ,10.3 ,29.7 ,,,,,,,,,
2016,5,14,89.7 ,74.9 ,62.9 ,6.7 ,29.8 ,,,,,,,,,
2016,5,15,88.0 ,78.0 ,72.9 ,7.7 ,29.8 ,,,,,,,,,
2016,5,16,84.4 ,78.5 ,82.8 ,5.1 ,29.8 ,,,,,,,,,
2016,5,17,86.5 ,77.3 ,75.5 ,6.8 ,29.8 ,,,,,,,,,
2016,5,18,87.4 ,77.3 ,73.8 ,7.4 ,29.8 ,,,,,,,,,
2016,5,19,90.3 ,76.7 ,65.6 ,7.9 ,29.7 ,,,,,,,,,
2016,5,20,86.5 ,76.4 ,73.5 ,5.2 ,29.7 ,,,,,,,,,
2016,5,21,89.0 ,74.7 ,64.9 ,9.3 ,29.8 ,,,,,,,,,
2016,5,22,88.7 ,73.5 ,61.6 ,9.4 ,29.8 ,,,,,,,,,
2016,5,23,87.6 ,73.0 ,62.5 ,10.2 ,29.7 ,,,,,,,,,
2016,5,24,90.2 ,72.7 ,57.1 ,9.1 ,29.7 ,,,,,,,,,
2016,5,25,88.8 ,72.1 ,57.9 ,10.8 ,29.7 ,,,,,,,,,
2016,5,26,88.9 ,73.1 ,60.8 ,9.8 ,29.7 ,,,,,,,,,
2016,5,27,90.0 ,74.8 ,62.1 ,8.3 ,29.7 ,,,,,,,,,
2016,5,28,90.8 ,73.1 ,57.1 ,9.3 ,29.7 ,,,,,,,,,
2016,5,29,89.6 ,74.1 ,60.7 ,8.8 ,29.7 ,,,,,,,,,
2016,5,30,87.3 ,75.8 ,69.9 ,7.7 ,29.1 ,,,,,,,,,
2016,5,31,84.3 ,77.7 ,82.3 ,7.5 ,29.8 ,,,,,,,,,
2016,6,1,82.4 ,80.6 ,93.3 ,6.2 ,29.8 ,,,,,,,,,
2016,6,2,85.3 ,78.0 ,80.2 ,6.3 ,29.8 ,,,,,,,,,
2016,6,3,85.5 ,79.6 ,82.7 ,7.0 ,29.8 ,,,,,,,,,
2016,6,4,86.0 ,77.5 ,76.8 ,5.0 ,29.8 ,,,,,,,,,
2016,6,5,87.7 ,76.3 ,70.5 ,6.8 ,29.8 ,,,,,,,,,
2016,6,6,87.7 ,76.2 ,70.4 ,5.5 ,29.8 ,,,,,,,,,
2016,6,7,88.3 ,75.7 ,68.2 ,8.3 ,29.8 ,,,,,,,,,
2016,6,8,87.5 ,74.9 ,69.0 ,8.6 ,29.8 ,,,,,,,,,
2016,6,9,89.3 ,72.8 ,58.4 ,10.5 ,29.8 ,,,,,,,,,
2016,6,10,87.3 ,74.6 ,68.0 ,7.8 ,29.8 ,,,,,,,,,
2016,6,11,85.8 ,76.3 ,75.5 ,6.5 ,29.8 ,,,,,,,,,
2016,6,12,86.9 ,76.7 ,73.1 ,7.3 ,29.8 ,,,,,,,,,
2016,6,13,88.3 ,73.3 ,61.8 ,10.2 ,29.8 ,,,,,,,,,
2016,6,14,86.9 ,74.8 ,67.9 ,8.1 ,29.7 ,,,,,,,,,
2016,6,15,86.1 ,75.8 ,72.1 ,7.3 ,29.7 ,,,,,,,,,
2016,6,16,81.5 ,80.3 ,95.9 ,4.6 ,29.7 ,,,,,,,,,
2016,6,17,80.9 ,78.6 ,92.6 ,6.2 ,29.8 ,,,,,,,,,
2016,6,18,81.4 ,77.4 ,88.0 ,4.1 ,29.8 ,,,,,,,,,
2016,6,19,86.7 ,77.9 ,76.8 ,4.4 ,29.8 ,,,,,,,,,
2016,6,20,83.5 ,79.2 ,86.7 ,3.8 ,29.7 ,,,,,,,,,
2016,6,21,81.8 ,77.1 ,86.6 ,6.3 ,29.7 ,,,,,,,,,
2016,6,22,83.3 ,77.3 ,83.4 ,5.4 ,29.7 ,,,,,,,,,
2016,6,23,81.8 ,79.4 ,92.8 ,5.5 ,29.7 ,,,,,,,,,
2016,6,24,83.7 ,78.4 ,84.6 ,5.8 ,29.7 ,,,,,,,,,
2016,6,25,85.6 ,76.0 ,74.4 ,7.4 ,29.8 ,,,,,,,,,
2016,6,26,83.2 ,77.6 ,85.6 ,6.4 ,29.8 ,,,,,,,,,
2016,6,27,82.8 ,77.1 ,85.0 ,5.5 ,29.7 ,,,,,,,,,
2016,6,28,85.0 ,76.2 ,76.8 ,9.4 ,29.7 ,,,,,,,,,
2016,6,29,84.4 ,75.8 ,76.2 ,8.8 ,29.7 ,,,,,,,,,
2016,6,30,83.8 ,76.3 ,79.8 ,5.9 ,29.7 ,,,,,,,,,
2016,7,1,84.1 ,77.8 ,81.9 ,6.8 ,29.7 ,,,,,,,,,
2016,7,2,82.7 ,78.3 ,87.5 ,7.2 ,29.8 ,,,,,,,,,
2016,7,3,84.5 ,78.3 ,83.7 ,5.3 ,29.8 ,,,,,,,,,
2016,7,4,85.7 ,77.9 ,79.5 ,6.9 ,29.8 ,,,,,,,,,
2016,7,5,82.1 ,78.3 ,90.2 ,5.4 ,29.7 ,,,,,,,,,
2016,7,6,82.2 ,77.5 ,86.3 ,6.3 ,29.7 ,,,,,,,,,
2016,7,7,81.5 ,78.3 ,90.1 ,6.0 ,29.7 ,,,,,,,,,
2016,7,8,85.3 ,74.9 ,72.9 ,7.5 ,29.7 ,,,,,,,,,
2016,7,9,85.4 ,72.3 ,64.9 ,9.2 ,29.7 ,,,,,,,,,
2016,7,10,83.0 ,76.9 ,82.9 ,6.8 ,29.7 ,,,,,,,,,
2016,7,11,86.2 ,76.8 ,75.7 ,6.4 ,29.7 ,,,,,,,,,
2016,7,12,86.2 ,75.3 ,72.1 ,8.6 ,29.7 ,,,,,,,,,
2016,7,13,80.0 ,77.6 ,93.2 ,5.5 ,29.7 ,,,,,,,,,
2016,7,14,84.9 ,76.6 ,78.0 ,6.5 ,29.7 ,,,,,,,,,
2016,7,15,86.7 ,77.3 ,74.4 ,4.8 ,29.7 ,,,,,,,,,
2016,7,16,86.4 ,77.2 ,74.7 ,7.0 ,29.8 ,,,,,,,,,
2016,7,17,86.4 ,76.9 ,74.5 ,6.4 ,29.8 ,,,,,,,,,
2016,7,18,86.5 ,76.3 ,72.3 ,6.8 ,29.7 ,,,,,,,,,
2016,7,19,84.7 ,77.1 ,78.8 ,6.4 ,29.1 ,,,,,,,,,
2016,7,20,85.0 ,77.5 ,79.2 ,6.4 ,29.7 ,,,,,,,,,
2016,7,21,83.2 ,77.2 ,82.9 ,6.0 ,29.8 ,,,,,,,,,
2016,7,22,86.4 ,77.6 ,76.3 ,6.2 ,29.8 ,,,,,,,,,
2016,7,23,84.8 ,76.2 ,76.1 ,6.3 ,29.8 ,,,,,,,,,
2016,7,24,84.7 ,78.2 ,81.8 ,6.0 ,29.8 ,,,,,,,,,
2016,7,25,84.0 ,76.8 ,79.8 ,5.8 ,29.8 ,,,,,,,,,
2016,7,26,85.7 ,75.9 ,74.5 ,6.4 ,29.8 ,,,,,,,,,
2016,7,27,83.9 ,75.2 ,76.9 ,8.6 ,29.7 ,,,,,,,,,
2016,7,28,85.3 ,74.7 ,71.9 ,7.0 ,29.7 ,,,,,,,,,
2016,7,29,84.8 ,76.4 ,77.2 ,5.8 ,29.7 ,,,,,,,,,
2016,7,30,84.8 ,75.3 ,75.0 ,7.3 ,29.8 ,,,,,,,,,
2016,7,31,86.4 ,74.1 ,68.1 ,7.1 ,29.8 ,,,,,,,,,
2016,8,1,88.2 ,73.6 ,62.8 ,9.9 ,29.7 ,,,,,,,,,
2016,8,2,87.0 ,73.7 ,65.1 ,10.0 ,29.6 ,,,,,,,,,
2016,8,3,86.4 ,74.7 ,68.7 ,8.9 ,29.6 ,,,,,,,,,
2016,8,4,87.0 ,74.3 ,66.4 ,10.0 ,29.7 ,,,,,,,,,
2016,8,5,84.0 ,74.5 ,74.8 ,7.4 ,29.7 ,,,,,,,,,
2016,8,6,84.1 ,75.7 ,77.7 ,8.1 ,29.7 ,,,,,,,,,
2016,8,7,83.9 ,76.0 ,78.6 ,9.2 ,29.7 ,,,,,,,,,
2016,8,8,86.2 ,75.4 ,70.8 ,10.2 ,29.7 ,,,,,,,,,
2016,8,9,84.7 ,75.1 ,74.8 ,8.5 ,29.7 ,,,,,,,,,
2016,8,10,86.4 ,77.2 ,75.4 ,9.8 ,29.7 ,,,,,,,,,
2016,8,11,86.8 ,75.3 ,69.3 ,12.6 ,29.7 ,,,,,,,,,
2016,8,12,86.3 ,74.4 ,68.7 ,11.9 ,29.7 ,,,,,,,,,
2016,8,13,84.9 ,75.3 ,73.3 ,8.7 ,29.7 ,,,,,,,,,
2016,8,14,86.3 ,75.6 ,71.0 ,10.3 ,29.6 ,,,,,,,,,
2016,8,15,84.8 ,75.2 ,73.1 ,9.8 ,29.6 ,,,,,,,,,
2016,8,16,85.8 ,77.2 ,75.8 ,7.8 ,29.6 ,,,,,,,,,
2016,8,17,87.2 ,78.1 ,75.2 ,7.5 ,29.7 ,,,,,,,,,
2016,8,18,88.1 ,75.0 ,65.7 ,11.1 ,29.6 ,,,,,,,,,
2016,8,19,87.1 ,74.6 ,67.2 ,10.9 ,29.6 ,,,,,,,,,
2016,8,20,87.6 ,76.2 ,69.3 ,8.4 ,29.6 ,,,,,,,,,
2016,8,21,87.1 ,75.5 ,69.9 ,6.5 ,29.7 ,,,,,,,,,
2016,8,22,87.8 ,76.0 ,69.5 ,9.7 ,29.7 ,,,,,,,,,
2016,8,23,87.0 ,76.3 ,71.5 ,9.5 ,29.6 ,,,,,,,,,
2016,8,24,86.4 ,77.1 ,75.5 ,7.8 ,29.6 ,,,,,,,,,
2016,8,25,82.9 ,77.5 ,85.3 ,6.2 ,29.7 ,,,,,,,,,
2016,8,26,85.8 ,77.7 ,78.1 ,6.4 ,29.7 ,,,,,,,,,
2016,8,27,87.0 ,79.4 ,78.2 ,5.6 ,29.8 ,,,,,,,,,
2016,8,28,84.2 ,79.0 ,84.8 ,4.7 ,29.8 ,,,,,,,,,
2016,8,29,84.2 ,77.8 ,81.8 ,6.4 ,29.7 ,,,,,,,,,
2016,8,30,83.7 ,78.8 ,85.7 ,5.4 ,29.8 ,,,,,,,,,
2016,8,31,84.0 ,78.0 ,82.8 ,6.5 ,29.8 ,,,,,,,,,
2016,9,1,84.9 ,76.3 ,76.5 ,7.2 ,29.8 ,,,,,,,,,
2016,9,2,85.8 ,74.1 ,68.6 ,11.4 ,29.8 ,,,,,,,,,
2016,9,3,86.3 ,73.7 ,67.5 ,9.0 ,29.8 ,,,,,,,,,
2016,9,4,85.3 ,74.8 ,71.8 ,10.3 ,29.8 ,,,,,,,,,
2016,9,5,86.0 ,74.5 ,69.5 ,10.8 ,29.8 ,,,,,,,,,
2016,9,6,85.1 ,74.8 ,72.7 ,9.1 ,29.7 ,,,,,,,,,
2016,9,7,82.6 ,78.0 ,86.9 ,6.0 ,29.7 ,,,,,,,,,
2016,9,8,83.9 ,76.7 ,80.7 ,6.2 ,29.8 ,,,,,,,,,
2016,9,9,84.8 ,76.4 ,77.4 ,5.5 ,29.8 ,,,,,,,,,
2016,9,10,86.0 ,75.1 ,70.8 ,8.7 ,29.7 ,,,,,,,,,
2016,9,11,85.2 ,75.5 ,73.7 ,9.3 ,29.7 ,,,,,,,,,
2016,9,12,80.9 ,76.8 ,88.2 ,6.4 ,29.7 ,,,,,,,,,
2016,9,13,81.3 ,78.3 ,91.3 ,5.8 ,29.7 ,,,,,,,,,
2016,9,14,83.7 ,75.3 ,77.1 ,8.6 ,29.7 ,,,,,,,,,
2016,9,15,84.3 ,75.3 ,76.5 ,7.8 ,29.8 ,,,,,,,,,
2016,9,16,85.8 ,76.0 ,74.2 ,8.3 ,29.7 ,,,,,,,,,
2016,9,17,85.7 ,76.6 ,75.2 ,7.5 ,29.7 ,,,,,,,,,
2016,9,18,84.6 ,77.2 ,79.8 ,6.4 ,29.7 ,,,,,,,,,
2016,9,19,81.5 ,77.4 ,88.3 ,5.3 ,29.7 ,,,,,,,,,
2016,9,20,80.4 ,78.3 ,93.5 ,3.7 ,29.7 ,,,,,,,,,
2016,9,21,80.9 ,77.8 ,90.5 ,5.1 ,29.8 ,,,,,,,,,
2016,9,22,81.4 ,77.0 ,87.1 ,7.8 ,29.8 ,,,,,,,,,
2016,9,23,80.5 ,77.2 ,90.4 ,4.4 ,29.7 ,,,,,,,,,
2016,9,24,81.6 ,78.2 ,89.8 ,4.8 ,29.7 ,,,,,,,,,
2016,9,25,82.8 ,78.0 ,85.8 ,4.7 ,29.7 ,,,,,,,,,
2016,9,26,83.7 ,78.6 ,85.3 ,3.7 ,29.7 ,,,,,,,,,
2016,9,27,83.4 ,78.3 ,85.3 ,6.3 ,29.7 ,,,,,,,,,
2016,9,28,84.4 ,78.0 ,82.1 ,6.3 ,29.7 ,,,,,,,,,
2016,9,29,83.8 ,76.5 ,79.6 ,5.6 ,29.7 ,,,,,,,,,
2016,9,30,83.3 ,76.0 ,80.4 ,5.6 ,29.7 ,,,,,,,,,
2016,10,1,84.8 ,76.6 ,77.9 ,6.6 ,29.8 ,,,,,,,,,
2016,10,2,84.0 ,78.0 ,82.5 ,4.7 ,29.8 ,,,,,,,,,
2016,10,3,81.9 ,77.4 ,87.2 ,7.0 ,29.7 ,,,,,,,,,
2016,10,4,83.7 ,77.2 ,82.2 ,5.8 ,29.7 ,,,,,,,,,
2016,10,5,81.1 ,78.5 ,92.2 ,4.0 ,29.7 ,,,,,,,,,
2016,10,6,81.8 ,78.0 ,88.9 ,5.7 ,29.7 ,,,,,,,,,
2016,10,7,82.8 ,76.4 ,81.8 ,8.2 ,29.8 ,,,,,,,,,
2016,10,8,82.4 ,77.3 ,85.4 ,6.2 ,29.8 ,,,,,,,,,
2016,10,9,82.4 ,77.4 ,85.6 ,6.3 ,29.8 ,,,,,,,,,
2016,10,10,84.7 ,77.2 ,79.1 ,5.3 ,29.8 ,,,,,,,,,
2016,10,11,85.7 ,78.3 ,78.6 ,5.3 ,29.7 ,,,,,,,,,
2016,10,12,84.0 ,78.2 ,82.7 ,5.3 ,29.7 ,,,,,,,,,
2016,10,13,85.0 ,78.0 ,80.2 ,5.4 ,29.7 ,,,,,,,,,
2016,10,14,86.5 ,76.9 ,73.6 ,7.4 ,29.7 ,,,,,,,,,
2016,10,15,85.8 ,76.4 ,73.8 ,5.0 ,29.7 ,,,,,,,,,
2016,10,16,81.1 ,78.5 ,91.6 ,5.4 ,29.7 ,,,,,,,,,
2016,10,17,83.1 ,77.0 ,83.0 ,4.7 ,29.7 ,,,,,,,,,
2016,10,18,85.0 ,76.9 ,78.3 ,3.7 ,29.7 ,,,,,,,,,
2016,10,19,84.3 ,77.8 ,80.6 ,4.3 ,29.7 ,,,,,,,,,
2016,10,20,82.7 ,78.7 ,87.8 ,4.7 ,29.7 ,,,,,,,,,
2016,10,21,84.7 ,76.8 ,78.3 ,5.8 ,29.7 ,,,,,,,,,
2016,10,22,85.7 ,75.6 ,72.6 ,8.9 ,29.8 ,,,,,,,,,
2016,10,23,85.4 ,74.1 ,69.7 ,8.2 ,29.7 ,,,,,,,,,
2016,10,24,84.8 ,74.6 ,72.9 ,6.7 ,29.7 ,,,,,,,,,
2016,10,25,80.8 ,76.4 ,87.2 ,5.3 ,29.8 ,,,,,,,,,
2016,10,26,82.1 ,78.2 ,88.7 ,5.4 ,29.8 ,,,,,,,,,
2016,10,27,81.7 ,78.7 ,91.1 ,4.7 ,29.9 ,,,,,,,,,
2016,10,28,83.4 ,77.8 ,84.3 ,5.9 ,29.8 ,,,,,,,,,
2016,10,29,81.0 ,76.6 ,87.4 ,4.7 ,29.8 ,,,,,,,,,
2016,10,30,80.6 ,76.8 ,89.2 ,5.0 ,29.9 ,,,,,,,,,
2016,10,31,82.4 ,76.8 ,84.2 ,4.3 ,29.9 ,,,,,,,,,
2016,11,1,83.7 ,77.2 ,81.7 ,6.1 ,29.8 ,,,,,,,,,
2016,11,2,83.4 ,75.3 ,77.9 ,6.6 ,29.9 ,,,,,,,,,
2016,11,3,81.9 ,73.0 ,74.8 ,5.2 ,29.9 ,,,,,,,,,
2016,11,4,83.1 ,71.6 ,68.5 ,4.8 ,29.8 ,,,,,,,,,
2016,11,5,84.8 ,73.1 ,69.7 ,4.3 ,29.8 ,,,,,,,,,
2016,11,6,84.9 ,75.8 ,74.2 ,3.2 ,29.8 ,,,,,,,,,
2016,11,7,84.9 ,77.8 ,79.8 ,3.2 ,29.8 ,,,,,,,,,
2016,11,8,81.7 ,77.8 ,88.3 ,3.7 ,29.8 ,,,,,,,,,
2016,11,9,82.3 ,78.6 ,89.3 ,5.3 ,29.9 ,,,,,,,,,
2016,11,10,83.8 ,78.2 ,84.0 ,6.5 ,29.9 ,,,,,,,,,
2016,11,11,83.7 ,75.5 ,77.7 ,5.8 ,29.9 ,,,,,,,,,
2016,11,12,84.2 ,74.3 ,74.1 ,4.9 ,29.9 ,,,,,,,,,
2016,11,13,84.3 ,75.3 ,75.4 ,6.3 ,29.9 ,,,,,,,,,
2016,11,14,90.1 ,74.4 ,60.5 ,5.3 ,29.8 ,,,,,,,,,
2016,11,15,86.7 ,76.3 ,72.3 ,5.8 ,29.8 ,,,,,,,,,
2016,11,16,85.4 ,73.9 ,70.6 ,4.5 ,29.8 ,,,,,,,,,
2016,11,17,84.0 ,71.3 ,66.6 ,7.4 ,29.8 ,,,,,,,,,
2016,11,18,84.8 ,71.8 ,65.4 ,6.7 ,29.8 ,,,,,,,,,
2016,11,19,84.4 ,74.8 ,74.1 ,6.3 ,29.8 ,,,,,,,,,
2016,11,20,84.6 ,77.0 ,79.2 ,5.3 ,29.8 ,,,,,,,,,
2016,11,21,86.1 ,76.3 ,73.4 ,5.8 ,29.8 ,,,,,,,,,
2016,11,22,85.6 ,72.3 ,64.9 ,8.0 ,29.8 ,,,,,,,,,
2016,11,23,84.7 ,75.1 ,74.6 ,6.4 ,29.8 ,,,,,,,,,
2016,11,24,84.2 ,76.8 ,79.9 ,5.2 ,29.8 ,,,,,,,,,
2016,11,25,84.3 ,78.3 ,82.5 ,4.9 ,29.8 ,,,,,,,,,
2016,11,26,85.6 ,76.6 ,75.5 ,4.2 ,29.8 ,,,,,,,,,
2016,11,27,84.1 ,72.5 ,69.1 ,5.6 ,29.8 ,,,,,,,,,
2016,11,28,81.8 ,71.5 ,71.2 ,6.3 ,29.9 ,,,,,,,,,
2016,11,29,81.2 ,70.6 ,70.7 ,4.6 ,29.9 ,,,,,,,,,
2016,11,30,81.3 ,69.8 ,68.2 ,6.4 ,29.9 ,,,,,,,,,
2016,12,1,80.7 ,69.0 ,68.2 ,6.0 ,29.9 ,,,,,,,,,
2016,12,2,81.2 ,68.0 ,64.5 ,8.7 ,29.9 ,,,,,,,,,
2016,12,3,81.8 ,69.9 ,66.8 ,8.2 ,29.9 ,,,,,,,,,
2016,12,4,82.6 ,72.2 ,71.1 ,6.3 ,29.9 ,,,,,,,,,
2016,12,5,81.6 ,72.1 ,72.4 ,5.1 ,29.9 ,,,,,,,,,
2016,12,6,81.3 ,70.0 ,68.4 ,6.9 ,29.9 ,,,,,,,,,
2016,12,7,80.5 ,67.5 ,65.2 ,6.5 ,29.9 ,,,,,,,,,
2016,12,8,80.9 ,68.5 ,66.3 ,4.8 ,29.8 ,,,,,,,,,
2016,12,9,81.3 ,67.6 ,64.7 ,4.2 ,29.8 ,,,,,,,,,
2016,12,10,81.2 ,66.4 ,62.2 ,3.9 ,29.8 ,,,,,,,,,
2016,12,11,80.5 ,65.4 ,61.6 ,6.2 ,29.8 ,,,,,,,,,
2016,12,12,80.8 ,66.1 ,62.5 ,8.4 ,29.8 ,,,,,,,,,
2016,12,13,81.0 ,64.9 ,59.6 ,7.3 ,29.8 ,,,,,,,,,
2016,12,14,82.7 ,70.1 ,65.7 ,6.8 ,29.8 ,,,,,,,,,
2016,12,15,82.8 ,71.5 ,68.3 ,8.8 ,29.8 ,,,,,,,,,
2016,12,16,77.6 ,67.5 ,71.2 ,6.8 ,29.9 ,,,,,,,,,
2016,12,17,77.6 ,63.6 ,61.9 ,7.5 ,29.9 ,,,,,,,,,
2016,12,18,79.7 ,66.0 ,64.3 ,7.1 ,29.9 ,,,,,,,,,
2016,12,19,82.4 ,70.0 ,66.6 ,6.8 ,29.9 ,,,,,,,,,
2016,12,20,85.0 ,71.5 ,64.5 ,5.8 ,29.8 ,,,,,,,,,
2016,12,21,86.3 ,72.7 ,65.3 ,4.9 ,29.8 ,,,,,,,,,
2016,12,22,85.3 ,73.3 ,68.1 ,5.5 ,29.8 ,,,,,,,,,
2016,12,23,84.4 ,72.0 ,66.8 ,6.5 ,29.8 ,,,,,,,,,
2016,12,24,84.1 ,72.1 ,68.0 ,4.1 ,29.8 ,,,,,,,,,
2016,12,25,85.3 ,71.3 ,64.1 ,4.2 ,29.8 ,,,,,,,,,
2016,12,26,86.3 ,71.4 ,62.2 ,7.0 ,29.8 ,,,,,,,,,
2016,12,27,83.8 ,66.9 ,58.2 ,5.9 ,29.8 ,,,,,,,,,
2016,12,28,78.0 ,65.0 ,65.1 ,6.1 ,29.9 ,,,,,,,,,
2016,12,29,76.7 ,61.1 ,59.6 ,7.2 ,29.9 ,,,,,,,,,
2016,12,30,77.0 ,59.9 ,56.6 ,8.0 ,29.9 ,,,,,,,,,
2016,12,31,79.5 ,62.7 ,56.4 ,8.1 ,29.9 ,,,,,,,,,
2017,1,1,80.1,67.8,66.4,8.8,29.9,,,,,,,,,
2017,1,2,81.3,70.4,69.7,8.9,29.9,,,,,,,,,
2017,1,3,81.2,70.7,70.3,7.6,29.9,,,,,,,,,
2017,1,4,81.2,70.5,69.5,6.2,29.8,,,,,,,,,
2017,1,5,82.6,70.5,67,9.5,29.8,,,,,,,,,
2017,1,6,79.7,71.6,75.7,9.6,29.8,,,,,,,,,
2017,1,7,82.2,71.8,70.8,7,29.8,,,,,,,,,
2017,1,8,79.9,73.7,82.5,6.2,29.8,,,,,,,,,
2017,1,9,78.3,74.8,89.8,6.5,29.8,,,,,,,,,
2017,1,10,78.4,76.3,93.9,3.6,29.8,,,,,,,,,
2017,1,11,80.3,74.4,84.1,6.3,29.8,,,,,,,,,
2017,1,12,81.5,75.5,83.5,7.3,29.8,,,,,,,,,
2017,1,13,82.9,75.5,79.8,4.2,29.8,,,,,,,,,
2017,1,14,83.5,73.9,74.8,4.7,29.8,,,,,,,,,
2017,1,15,85.3,74,70.8,5.1,29.8,,,,,,,,,
2017,1,16,84.2,72.3,68.4,6.7,29.8,,,,,,,,,
2017,1,17,82.8,73.3,73.7,5.6,29.9,,,,,,,,,
2017,1,18,84.3,71.9,68.1,6.5,29.9,,,,,,,,,
2017,1,19,85.2,71.6,64.7,4.5,29.9,,,,,,,,,
2017,1,20,84.4,70.1,63,4.9,29.9,,,,,,,,,
2017,1,21,83.7,69.2,62.2,6.1,29.9,,,,,,,,,
2017,1,22,82.2,67.6,61.8,7.5,30,,,,,,,,,
2017,1,23,80.1,66.5,63.6,6.3,30,,,,,,,,,
2017,1,24,80.4,64.3,58.7,5.5,30,,,,,,,,,
2017,1,25,81.8,67.3,62.2,7,30,,,,,,,,,
2017,1,26,81.5,69.4,66.7,5.3,29.9,,,,,,,,,
2017,1,27,82.1,66.8,61.4,5.5,29.9,,,,,,,,,
2017,1,28,80.2,62.5,55.3,5.1,29.9,,,,,,,,,
2017,1,29,80.6,63.5,58.5,3.6,29.9,,,,,,,,,
2017,1,30,81.6,67,63.6,3.2,29.9,,,,,,,,,
2017,1,31,81.7,65.2,59.3,5.5,29.9,,,,,,,,,
2017,2,1,82.4,62.5,54.1,4.8,29.9,,,,,,,,,
2017,2,2,81.5,66.5,60.9,6.5,29.9,,,,,,,,,
2017,2,3,79.1,71.4,77,6,29.9,,,,,,,,,
2017,2,4,83.8,71.8,68.9,5.2,29.8,,,,,,,,,
2017,2,5,86,67.2,55.2,6.1,29.8,,,,,,,,,
2017,2,6,85.2,64.4,51.9,3.3,29.8,,,,,,,,,
2017,2,7,84.2,64.6,53.2,5.5,29.8,,,,,,,,,
2017,2,8,83.5,66.3,58.3,5.9,29.8,,,,,,,,,
2017,2,9,83.6,67.6,60.2,5.2,29.8,,,,,,,,,
2017,2,10,84.2,70.7,65.4,6.3,29.9,,,,,,,,,
2017,2,11,81.4,65.1,59.1,8.3,29.9,,,,,,,,,
2017,2,12,78.3,63,60.2,8.1,30,,,,,,,,,
2017,2,13,77.4,60.1,55.9,8.1,30,,,,,,,,,
2017,2,14,78.5,60.9,55.8,7.3,30.1,,,,,,,,,
2017,2,15,80,61.9,54.6,6.9,30,,,,,,,,,
2017,2,16,81.4,63,54.6,5.3,29.9,,,,,,,,,
2017,2,17,82.7,62.3,52.7,4.6,29.9,,,,,,,,,
2017,2,18,83.2,65.2,57.3,4.5,29.9,,,,,,,,,
2017,2,19,83.8,67.2,59.9,3.7,29.9,,,,,,,,,
2017,2,20,84.3,71.3,67.1,6.5,29.8,,,,,,,,,
2017,2,21,85.7,73.5,69.6,6.6,29.8,,,,,,,,,
2017,2,22,85.2,75,73.5,7.4,29.8,,,,,,,,,
2017,2,23,86.9,76,72.1,7.1,29.8,,,,,,,,,
2017,2,24,85.8,76.5,74.8,8.2,29.9,,,,,,,,,
2017,2,25,84.7,75.4,75.9,6.9,29.8,,,,,,,,,
2017,2,26,85.4,75.9,74.7,5.9,29.8,,,,,,,,,
2017,2,27,85.4,72.5,66.6,6.3,29.9,,,,,,,,,
2017,2,28,85.8,69,58.6,5.8,29.8,,,,,,,,,
2017,3,1,87.1,70,60,5.8,29.8,,,,,,,,,
2017,3,2,84.4,67.6,59,6.6,29.8,,,,,,,,,
2017,3,3,85.1,66.8,58.1,4.2,29.8,,,,,,,,,
2017,3,4,85.1,74.2,72.6,6.5,29.8,,,,,,,,,
2017,3,5,85.7,75.7,73.7,8.7,29.8,,,,,,,,,
2017,3,6,86.7,74.7,70.9,7.8,29.8,,,,,,,,,
2017,3,7,86.3,76,72.6,8.6,29.8,,,,,,,,,
2017,3,8,85.9,76.4,73.8,9.8,29.8,,,,,,,,,
2017,3,9,85.4,75.5,73.5,10.2,29.8,,,,,,,,,
2017,3,10,85.7,75.1,71.9,9.3,29.8,,,,,,,,,
2017,3,11,86,76.3,74,8.2,29.8,,,,,,,,,
2017,3,12,87.2,77.1,73.4,7.9,29.8,,,,,,,,,
2017,3,13,88.2,77.2,71.9,7.3,29.8,,,,,,,,,
2017,3,14,88.2,78.2,73.4,8.5,29.8,,,,,,,,,
2017,3,15,87.7,78.1,74.3,8.5,29.8,,,,,,,,,
2017,3,16,86.4,76.5,73.6,9.3,29.8,,,,,,,,,
2017,3,17,83.8,76.5,79.6,7.5,29.8,,,,,,,,,
2017,3,18,85.8,77.3,77.2,8.8,29.8,,,,,,,,,
2017,3,19,86.9,76.3,72.8,8.1,29.9,,,,,,,,,
2017,3,20,86.7,76.1,72.1,8.2,29.8,,,,,,,,,
2017,3,21,88.4,72.1,62.6,6.8,29.8,,,,,,,,,
2017,3,22,88.2,76.2,69.6,6.3,29.8,,,,,,,,,
2017,3,23,88.2,77.5,71.8,7,29.8,,,,,,,,,
2017,3,24,88.2,77.1,70.4,8.3,29.8,,,,,,,,,
2017,3,25,87.6,74.6,67.9,7.6,29.8,,,,,,,,,
2017,3,26,85.6,76.7,76.2,6.9,29.8,,,,,,,,,
2017,3,27,79.6,75.3,88.2,5.2,29.9,,,,,,,,,
2017,3,28,84.3,73,70.8,3.9,29.9,,,,,,,,,
2017,3,29,83.3,75.3,77.8,6.4,29.9,,,,,,,,,
2017,3,30,83.8,77.3,81.9,5.7,29.9,,,,,,,,,
2017,3,31,87,77.3,74.3,7.1,29.9,,,,,,,,,
2017,4,1,83.1,75.1,78.5,6.8,29.9,,,,,,,,,
2017,4,2,84.2,72.6,68.9,6.8,29.9,,,,,,,,,
2017,4,3,85.1,73.7,70.4,3.4,29.9,,,,,,,,,
2017,4,4,83,74.5,77.9,4.5,29.9,,,,,,,,,
2017,4,5,84,76.3,79,4.4,29.8,,,,,,,,,
2017,4,6,84.4,76.1,76.7,6.3,29.8,,,,,,,,,
2017,4,7,83.9,77,80.2,4.9,29.8,,,,,,,,,
2017,4,8,85.5,78.7,81,6.2,29.8,,,,,,,,,
2017,4,9,87.5,78.6,75.3,6.9,29.8,,,,,,,,,
2017,4,10,88.5,78.1,71.8,8.4,29.7,,,,,,,,,
2017,4,11,89,78.5,71.8,8.9,29.7,,,,,,,,,
2017,4,12,88.8,77.7,70.4,9.5,29.7,,,,,,,,,
2017,4,13,87.7,77.6,72.8,7.9,29.8,,,,,,,,,
2017,4,14,87.2,75.9,70.7,7.1,29.8,,,,,,,,,
2017,4,15,87.3,76,70.5,9,29.8,,,,,,,,,
2017,4,16,86.8,76,71.4,9.6,29.8,,,,,,,,,
2017,4,17,86.2,76.3,73.2,8.5,29.8,,,,,,,,,
2017,4,18,87.8,75.9,69.8,6.5,29.8,,,,,,,,,
2017,4,19,88.8,76.7,68.5,8.4,29.8,,,,,,,,,
2017,4,20,89.4,76.3,66.9,8,29.8,,,,,,,,,
2017,4,21,90.6,70.3,55.7,8.1,29.8,,,,,,,,,
2017,4,22,89.8,71.8,57.1,7.3,29.8,,,,,,,,,
2017,4,23,89.9,74.6,62.6,6.7,29.8,,,,,,,,,
2017,4,24,90.1,75.4,64.1,8.3,29.8,,,,,,,,,
2017,4,25,90.4,74.9,63.2,7.7,29.8,,,,,,,,,
2017,4,26,89.6,77.4,68.7,7.5,29.8,,,,,,,,,
2017,4,27,90.1,77.5,67.9,7.9,29.8,,,,,,,,,
2017,4,28,85.9,78.3,77.8,7.5,29.8,,,,,,,,,
2017,4,29,84.7,77.5,80,5.7,29.8,,,,,,,,,
2017,4,30,85.7,77.6,77.3,4.7,29.8,,,,,,,,,
2017,5,1,88.9,78.2,71.5,5.7,29.8,,,,,,,,,
2017,5,2,87,79.7,78.7,6.5,29.8,,,,,,,,,
2017,5,3,89.5,80.7,76,7.4,29.8,,,,,,,,,
2017,5,4,89.2,80.7,76.5,7,29.8,,,,,,,,,
2017,5,5,84,75.5,76.7,6.2,29.8,,,,,,,,,
2017,5,6,86.8,77.9,74.9,4.5,29.9,,,,,,,,,
2017,5,7,84.2,76.7,79,6.2,29.9,,,,,,,,,
2017,5,8,85.8,79.1,80,5.6,29.8,,,,,,,,,
2017,5,9,86.1,77.8,77,7.5,29.8,,,,,,,,,
2017,5,10,83.3,77.5,83.7,6.1,29.8,,,,,,,,,
2017,5,11,84.6,77.9,81.5,6.2,29.8,,,,,,,,,
2017,5,12,82.3,78.9,88.8,4.5,29.8,,,,,,,,,
2017,5,13,82.1,79.5,91.6,4.5,29.8,,,,,,,,,
2017,5,14,84.5,78.4,82.5,5.6,29.7,,,,,,,,,
2017,5,15,85.7,78,78.8,7.3,29.7,,,,,,,,,
2017,5,16,82.6,77.9,86.4,7.2,29.7,,,,,,,,,
2017,5,17,81.3,79.7,94.1,8.4,29.7,,,,,,,,,
2017,5,18,86.8,79.7,79.8,6.5,29.7,,,,,,,,,
2017,5,19,84.5,79.8,86.2,5.4,29.7,,,,,,,,,
2017,5,20,86.5,79.7,81.4,5.4,29.7,,,,,,,,,
2017,5,21,89.8,80.5,74.7,6.8,29.6,,,,,,,,,
2017,5,22,90,79.7,72.2,7.9,29.7,,,,,,,,,
2017,5,23,88.2,80.9,79.9,7.9,29.7,,,,,,,,,
2017,5,24,85.9,80.3,83.4,7,29.7,,,,,,,,,
2017,5,25,83.5,77.5,83.2,5.2,29.7,,,,,,,,,
2017,5,26,83,79,87.8,5.9,29.7,,,,,,,,,
2017,5,27,81.5,79.2,93,4.2,29.7,,,,,,,,,
2017,5,28,82.6,79.6,90.9,4.6,29.7,,,,,,,,,
2017,5,29,83.8,79.4,86.7,7.6,29.7,,,,,,,,,
2017,5,30,82.7,79.7,89.7,6.9,29.8,,,,,,,,,
2017,5,31,84.8,79.7,85,5.3,29.8,,,,,,,,,
2017,6,1,86.2,79.6,81.5,6.5,29.7,,,,,,,,,
2017,6,2,85.9,79.8,82.7,5.2,29.8,,,,,,,,,
2017,6,3,86.2,79.3,80.8,6.5,29.7,,,,,,,,,
2017,6,4,83.5,79.2,87.5,6.1,29.7,,,,,,,,,
2017,6,5,84.1,79.1,85.5,3.9,29.7,,,,,,,,,
2017,6,6,83.2,78.5,86.2,5.7,29.7,,,,,,,,,
2017,6,7,83.5,78.5,86.1,6.1,29.7,,,,,,,,,
2017,6,8,83.2,77.7,84.3,6.7,29.7,,,,,,,,,
2017,6,9,84.6,79.1,83.6,6.6,29.7,,,,,,,,,
2017,6,10,83.8,78.9,85.5,6.2,29.8,,,,,,,,,
2017,6,11,84.9,77.4,79.7,5.9,29.8,,,,,,,,,
2017,6,12,86.8,73.6,64.9,7.5,29.8,,,,,,,,,
2017,6,13,87.3,74.4,65.7,7.3,29.8,,,,,,,,,
2017,6,14,86.8,77.4,73.8,7,29.8,,,,,,,,,
2017,6,15,86.7,73.4,65.2,7.4,29.8,,,,,,,,,
2017,6,16,87.8,74.3,65.3,7.2,29.8,,,,,,,,,
2017,6,17,88.7,75.7,66.2,9,29.7,,,,,,,,,
2017,6,18,86.4,76,71.9,8.6,29.7,,,,,,,,,
2017,6,19,84.4,77.9,82.7,5.7,29.7,,,,,,,,,
2017,6,20,83.4,77,82.6,4.8,29.7,,,,,,,,,
2017,6,21,85.1,77.3,78.7,7.2,29.7,,,,,,,,,
2017,6,22,83.4,77.7,84.2,7,29.7,,,,,,,,,
2017,6,23,85.1,74.9,72.7,9.3,29.7,,,,,,,,,
2017,6,24,84.9,75.2,73.4,9.3,29.7,,,,,,,,,
2017,6,25,86.1,75.2,70.7,8.3,29.7,,,,,,,,,
2017,6,26,86.9,74.1,66.5,8.2,29.7,,,,,,,,,
2017,6,27,86.7,74.9,68.5,7.5,29.7,,,,,,,,,
2017,6,28,85.5,76.2,75.2,5.8,29.7,,,,,,,,,
2017,6,29,83.8,78.3,83.6,3.7,29.7,,,,,,,,,
2017,6,30,83.1,78.2,85.3,4.9,29.7,,,,,,,,,
2017,7,1,83,77.2,83.8,3.9,29.8,,,,,,,,,
2017,7,2,84.1,76.6,79.4,5.2,29.8,,,,,,,,,
2017,7,3,83.6,75.7,79.3,5.4,29.8,,,,,,,,,
2017,7,4,81.6,76.7,86.5,3.8,29.8,,,,,,,,,
2017,7,5,83.5,77.5,83.4,6.4,29.8,,,,,,,,,
2017,7,6,84.8,76,76.6,6.7,29.8,,,,,,,,,
2017,7,7,83.3,76.3,80.9,7.1,29.8,,,,,,,,,
2017,7,8,82.8,76.7,83,4.9,29.8,,,,,,,,,
2017,7,9,85.4,77.9,79.2,5.7,29.8,,,,,,,,,
2017,7,10,82.9,76.3,81.5,5.6,29.8,,,,,,,,,
2017,7,11,85.4,76,74.2,6.9,29.7,,,,,,,,,
2017,7,12,82.2,76.8,84.7,5.3,29.8,,,,,,,,,
2017,7,13,82.9,77.9,85.5,5.6,29.8,,,,,,,,,
2017,7,14,85.1,75.8,74.1,7.1,29.7,,,,,,,,,
2017,7,15,85.9,74,68,8.2,29.7,,,,,,,,,
2017,7,16,86.3,74.4,68.3,11,29.7,,,,,,,,,
2017,7,17,84.1,75.3,75.5,10.2,29.6,,,,,,,,,
2017,7,18,85.2,76.5,76,6.4,29.8,,,,,,,,,
2017,7,19,82.7,77.1,83.8,6.3,29.8,,,,,,,,,
2017,7,20,81.1,76.3,86,7.6,29.7,,,,,,,,,
2017,7,21,84.2,73.6,72.1,8,29.7,,,,,,,,,
2017,7,22,84.9,75.3,74.3,7.8,29.8,,,,,,,,,
2017,7,23,86.1,74.5,69.2,10,29.8,,,,,,,,,
2017,7,24,84.6,75.6,75.2,10.6,29.7,,,,,,,,,
2017,7,25,85.3,75.8,73.6,11.3,29.6,,,,,,,,,
2017,7,26,82.9,74.8,76.9,13.4,29.6,,,,,,,,,
2017,7,27,84.9,74.2,71.6,12.3,29.6,,,,,,,,,
2017,7,28,83.7,75.5,77.6,10.1,29.7,,,,,,,,,
2017,7,29,83,76.8,82.6,6.7,29.7,,,,,,,,,
2017,7,30,86.5,77.3,75.1,9.3,29.7,,,,,,,,,
2017,7,31,87.4,76.3,70.1,9.8,29.7,,,,,,,,,
2017,8,1,87.5,76,69.7,9,29.7,,,,,,,,,
2017,8,2,85.8,76.8,76,7.4,29.7,,,,,,,,,
2017,8,3,83.9,78.7,84.7,5.3,29.7,,,,,,,,,
2017,8,4,84.5,78.8,82.9,5,29.6,,,,,,,,,
2017,8,5,84.8,79.7,84.4,6.5,29.7,,,,,,,,,
2017,8,6,83.7,78.6,85.7,4.7,29.7,,,,,,,,,
2017,8,7,83.1,78.6,86.4,4.6,29.8,,,,,,,,,
2017,8,8,84.7,78.8,83.1,5.1,29.8,,,,,,,,,
2017,8,9,86.3,76.7,73.3,7.8,29.8,,,,,,,,,
2017,8,10,87.9,75.1,66.6,9.2,29.8,,,,,,,,,
2017,8,11,87.2,76.5,72.1,10.3,29.8,,,,,,,,,
2017,8,12,87.3,75.3,68.5,8.5,29.8,,,,,,,,,
2017,8,13,87.6,76.6,70.7,7.4,29.8,,,,,,,,,
2017,8,14,86.4,78.1,77,6.4,29.8,,,,,,,,,
2017,8,15,85.7,79.2,81,5.6,29.7,,,,,,,,,
2017,8,16,82.7,77.4,84.8,4.8,29.7,,,,,,,,,
2017,8,17,80,77.7,92.8,4.4,29.7,,,,,,,,,
2017,8,18,83.8,75.7,78.6,5.9,29.7,,,,,,,,,
2017,8,19,84.5,74.4,73.3,7.8,29.7,,,,,,,,,
2017,8,20,84.1,77.1,80.3,6.1,29.7,,,,,,,,,
2017,8,21,85.8,75.5,72.1,6.9,29.7,,,,,,,,,
2017,8,22,86.7,76.3,72,8.2,29.7,,,,,,,,,
2017,8,23,85.9,76.4,73.6,11.3,29.7,,,,,,,,,
2017,8,24,84.7,76.2,76.8,7.2,29.7,,,,,,,,,
2017,8,25,85.8,76.5,74.9,6.5,29.7,,,,,,,,,
2017,8,26,84.1,76.5,79.5,6.3,29.7,,,,,,,,,
2017,8,27,81.9,76.3,84.3,7,29.7,,,,,,,,,
2017,8,28,82.8,76.6,82.9,8.5,29.7,,,,,,,,,
2017,8,29,80.6,75.7,86.3,6.4,29.7,,,,,,,,,
2017,8,30,84.6,77.6,80.6,6.3,29.7,,,,,,,,,
2017,8,31,85.3,77.3,77.8,5.2,29.8,,,,,,,,,
2017,9,1,87.1,76.7,72.4,6.7,29.8,,,,,,,,,
2017,9,2,85.2,76.8,76.4,8,29.8,,,,,,,,,
2017,9,3,86.2,75.9,72.5,9.8,29.7,,,,,,,,,
2017,9,4,87.2,76.5,71.1,8.8,29.7,,,,,,,,,
2017,9,5,85.8,79,80.4,5.7,29.7,,,,,,,,,
2017,9,6,83.8,79.2,86.2,5.4,29.8,,,,,,,,,
2017,9,7,84.7,79.5,84.3,5,29.8,,,,,,,,,
2017,9,8,86.2,79.9,81.3,3.7,29.8,,,,,,,,,
2017,9,9,87.3,79.2,77.3,5,29.8,,,,,,,,,
2017,9,10,82.8,78.3,86.8,5.5,29.8,,,,,,,,,
2017,9,11,83.5,78.6,85.7,4.3,29.8,,,,,,,,,
2017,9,12,85,79,82.9,4.7,29.8,,,,,,,,,
2017,9,13,86.5,77,74.1,5.5,29.8,,,,,,,,,
2017,9,14,88.3,77.6,70.9,7.3,29.7,,,,,,,,,
2017,9,15,83.7,77.9,83.8,7.2,29.6,,,,,,,,,
2017,9,16,83.7,78.3,84.8,9.7,29.7,,,,,,,,,
2017,9,17,82.3,79,90,7.5,29.8,,,,,,,,,
2017,9,18,85.1,74.5,72.3,7.9,29.8,,,,,,,,,
2017,9,19,86.8,75.2,69.1,7.5,29.8,,,,,,,,,
2017,9,20,83.8,77.4,80.8,7.1,29.8,,,,,,,,,
2017,9,21,86.9,77.8,75.3,4.2,29.7,,,,,,,,,
2017,9,22,82,76.4,84.5,4.8,29.7,,,,,,,,,
2017,9,23,80.5,77.7,91.7,4.9,29.8,,,,,,,,,
2017,9,24,81.8,77.7,88.3,5,29.7,,,,,,,,,
2017,9,25,84.5,77.3,79.8,6.3,29.7,,,,,,,,,
2017,9,26,84.5,78,81.7,6.2,29.7,,,,,,,,,
2017,9,27,85,77.7,79.8,4.9,29.8,,,,,,,,,
2017,9,28,85.7,76.2,74,8.2,29.8,,,,,,,,,
2017,9,29,82.7,78,86.3,5.7,29.8,,,,,,,,,
2017,9,30,82.5,79,89.1,4.8,29.8,,,,,,,,,
2017,10,1,82.6,79.4,89.6,4.8,29.8,,,,,,,,,
2017,10,2,80.4,78.9,94.9,4.3,29.8,,,,,,,,,
2017,10,3,78.3,77,95.9,3.4,29.7,,,,,,,,,
2017,10,4,79.1,76.9,93.3,4.3,29.8,,,,,,,,,
2017,10,5,80.3,76.9,89.5,4.7,29.8,,,,,,,,,
2017,10,6,83.7,78.9,85.9,4.4,29.8,,,,,,,,,
2017,10,7,81.8,78.1,89.3,5,29.8,,,,,,,,,
2017,10,8,82.9,77.8,85.3,4.2,29.8,,,,,,,,,
2017,10,9,84.1,78.6,84.2,6.4,29.7,,,,,,,,,
2017,10,10,83.7,79.4,87,3,29.7,,,,,,,,,
2017,10,11,84,79.3,86,6.5,29.7,,,,,,,,,
2017,10,12,84.4,79.1,84.4,3.9,29.7,,,,,,,,,
2017,10,13,83.4,79.7,88.5,4.2,29.7,,,,,,,,,
2017,10,14,81.6,77.4,88,5.3,29.7,,,,,,,,,
2017,10,15,84.2,76.6,79.2,7.3,29.7,,,,,,,,,
2017,10,16,84.5,75.2,75.4,8,29.7,,,,,,,,,
2017,10,17,83.5,75.4,78.4,6.2,29.8,,,,,,,,,
2017,10,18,81.7,76.9,85.9,4.2,29.8,,,,,,,,,
2017,10,19,84.6,76.3,77.8,7.1,29.8,,,,,,,,,
2017,10,20,85.8,76.8,75.5,6.4,29.9,,,,,,,,,
2017,10,21,86.5,78.8,77.7,4.8,29.8,,,,,,,,,
2017,10,22,84.2,78.2,83,5.3,29.8,,,,,,,,,
2017,10,23,84.6,77.1,79.8,6.4,29.8,,,,,,,,,
2017,10,24,82.1,77.5,86.7,6.5,29.9,,,,,,,,,
2017,10,25,81.3,77.8,89.3,2.9,29.9,,,,,,,,,
2017,10,26,83.7,76.4,79.8,3.5,29.9,,,,,,,,,
2017,10,27,84.7,75.2,74.9,4.3,29.8,,,,,,,,,
2017,10,28,84.5,73.8,71.9,5.1,29.8,,,,,,,,,
2017,10,29,84.3,73,70.5,5.8,29.9,,,,,,,,,
2017,10,30,82.1,69.6,66.3,9.3,29.9,,,,,,,,,
2017,10,31,80.5,67.9,65.8,8.7,29.9,,,,,,,,,
2017,11,1,80.2,69.6,70.3,8.9,29.9,,,,,,,,,
2017,11,2,82.3,70.7,67.9,7.9,29.8,,,,,,,,,
2017,11,3,81.8,67.6,63.9,8.1,29.8,,,,,,,,,
2017,11,4,81.2,63.6,55.8,11.1,29.8,,,,,,,,,
2017,11,5,77.3,63.3,62.4,16.6,29.8,,,,,,,,,
2017,11,6,77.2,67.9,72.8,10.8,29.8,,,,,,,,,
2017,11,7,81,71.6,72.9,9.4,29.8,,,,,,,,,
2017,11,8,80.8,71.8,73.5,6,29.8,,,,,,,,,
2017,11,9,82.6,73,73.5,6.4,29.8,,,,,,,,,
2017,11,10,83.7,75.5,77.4,5.8,29.8,,,,,,,,,
2017,11,11,80.7,76.2,87,5.6,29.8,,,,,,,,,
2017,11,12,83.9,75.1,76.9,5.7,29.8,,,,,,,,,
2017,11,13,83.2,77,82,5.4,29.8,,,,,,,,,
2017,11,14,85,77.7,79.4,3.8,29.8,,,,,,,,,
2017,11,15,84,76.5,79.7,4.7,29.8,,,,,,,,,
2017,11,16,82.8,78,85.5,6.7,29.8,,,,,,,,,
2017,11,17,85.1,78.7,81.7,4.6,29.8,,,,,,,,,
2017,11,18,86.6,77.2,74.3,4.6,29.8,,,,,,,,,
2017,11,19,85.4,78.9,80.3,4.5,29.8,,,,,,,,,
2017,11,20,81.5,76.6,86,5.6,29.8,,,,,,,,,
2017,11,21,83.6,75.6,78.2,8,29.8,,,,,,,,,
2017,11,22,83.2,76.5,81.7,4.7,29.8,,,,,,,,,
2017,11,23,83.4,74.3,75.7,5.8,29.8,,,,,,,,,
2017,11,24,81.4,70.8,70.3,7.1,29.9,,,,,,,,,
2017,11,25,79.9,67.3,65.9,7.2,29.9,,,,,,,,,
2017,11,26,80.6,67.5,64.8,9,29.9,,,,,,,,,
2017,11,27,81.2,68.6,65.5,8.3,29.9,,,,,,,,,
2017,11,28,81.5,71.6,72.4,8.6,29.8,,,,,,,,,
2017,11,29,84.3,72.3,67.8,9.3,29.8,,,,,,,,,
2017,11,30,84.6,72.9,68.8,6.8,29.8,,,,,,,,,
2017,12,1,82.9,72,69.2,6.8,29.8,,,,,,,,,
2017,12,2,82.8,70.5,66.6,6.7,29.8,,,,,,,,,
2017,12,3,83.5,71.1,67,5.1,29.8,,,,,,,,,
2017,12,4,84.5,71.6,65.3,8.4,29.8,,,,,,,,,
2017,12,5,81.1,70.4,69.7,6,29.8,,,,,,,,,
2017,12,6,81.9,70,67,6.8,29.8,,,,,,,,,
2017,12,7,84.2,71.1,65.3,6,29.9,,,,,,,,,
2017,12,8,84.7,72.5,67.9,6.5,29.9,,,,,,,,,
2017,12,9,81.4,68.2,64.6,6.5,29.9,,,,,,,,,
2017,12,10,81.3,68.2,65.1,4,29.9,,,,,,,,,
2017,12,11,83.1,71.6,68.9,3.9,29.9,,,,,,,,,
2017,12,12,83.6,74.9,76.6,5.8,29.9,,,,,,,,,
2017,12,13,83.8,76.9,80.7,6.2,29.8,,,,,,,,,
2017,12,14,83.6,77.2,82.2,5,29.8,,,,,,,,,
2017,12,15,84.5,76.5,78.8,5,29.8,,,,,,,,,
2017,12,16,84.2,71.8,67.3,6.5,29.9,,,,,,,,,
2017,12,17,78.4,63.7,60.7,8.4,30,,,,,,,,,
2017,12,18,72.9,55.9,56.6,8.2,30,,,,,,,,,
2017,12,19,69.2,48.2,48.7,11.4,30.1,,,,,,,,,
2017,12,20,68.6,46.2,46.3,10.1,30.1,,,,,,,,,
2017,12,21,71,48.8,45.5,11.3,30,,,,,,,,,
2017,12,22,74.5,57.3,54.9,10.6,29.9,,,,,,,,,
2017,12,23,79.7,62.2,56.1,7.5,29.8,,,,,,,,,
2017,12,24,82.2,66.7,60.5,7.7,29.8,,,,,,,,,
2017,12,25,78.4,61.7,57.1,6.8,29.9,,,,,,,,,
2017,12,26,72.7,63.1,72.9,9.1,29.9,,,,,,,,,
2017,12,27,68.6,67.2,95.8,8.5,29.9,,,,,,,,,
2017,12,28,74.2,70.2,87.7,10.3,29.9,,,,,,,,,
2017,12,29,78.1,71,80.1,9.7,29.9,,,,,,,,,
2017,12,30,81.9,71.8,71.4,6.9,29.9,,,,,,,,,
2017,12,31,81.1,68.4,66.3,8.2,29.9,,,,,,,,,
2018,1,1,78.8,66.8,67.6,5.9,29.9,,,,,,,,,
2018,1,2,79.8,67.4,67.1,5.7,29.8,,,,,,,,,
2018,1,3,81.2,69,67,5,29.8,,,,,,,,,
2018,1,4,83.1,70,65.6,5.5,29.8,,,,,,,,,
2018,1,5,85.3,70.7,62.4,4.7,29.8,,,,,,,,,
2018,1,6,84.1,72.3,68.4,3.2,29.8,,,,,,,,,
2018,1,7,83.7,75.4,77.8,7.3,29.8,,,,,,,,,
2018,1,8,83.4,75.3,78.2,4.5,29.8,,,,,,,,,
2018,1,9,84.2,75.5,76.3,3.9,29.9,,,,,,,,,
2018,1,10,77.2,74.7,92.6,6.5,29.9,,,,,,,,,
2018,1,11,75.1,66.6,75.2,5.8,29.9,,,,,,,,,
2018,1,12,73.8,61.1,64.9,5.7,30,,,,,,,,,
2018,1,13,71.8,58.7,63.4,7.1,30,,,,,,,,,
2018,1,14,74.3,61.6,65.3,7.4,29.9,,,,,,,,,
2018,1,15,76.8,63.8,65.5,4.9,29.9,,,,,,,,,
2018,1,16,80,66.5,64.8,3.9,29.8,,,,,,,,,
2018,1,17,81.7,70,68.2,4.8,29.8,,,,,,,,,
2018,1,18,83,69.4,64.4,4.8,29.8,,,,,,,,,
2018,1,19,84,68,61.4,4.5,29.8,,,,,,,,,
2018,1,20,83.1,67.7,60.5,5.5,29.8,,,,,,,,,
2018,1,21,84.7,70.3,62.8,4.2,29.8,,,,,,,,,
2018,1,22,84.7,72.9,68.6,3.1,29.8,,,,,,,,,
2018,1,23,85.2,74.3,71.5,3.6,29.8,,,,,,,,,
2018,1,24,83,76,80,4.2,29.7,,,,,,,,,
2018,1,25,82.7,76.5,83.2,4.8,29.7,,,,,,,,,
2018,1,26,83.7,76.2,79.3,4.8,29.8,,,,,,,,,
2018,1,27,84,75.3,76.9,5.2,29.8,,,,,,,,,
2018,1,28,84.4,75.5,76.4,5.4,29.8,,,,,,,,,
2018,1,29,84.7,76.6,78.1,6.3,29.8,,,,,,,,,
2018,1,30,84.7,77.5,79.8,7.6,29.8,,,,,,,,,
2018,1,31,81.8,76.4,84.8,7.5,29.8,,,,,,,,,
2018,2,1,81.4,72.9,76.3,8.6,29.9,,,,,,,,,
2018,2,2,79,67.6,68,7.5,29.9,,,,,,,,,
2018,2,3,77.5,64.6,64.5,6.3,29.9,,,,,,,,,
2018,2,4,76.5,62.2,61.7,4.5,30,,,,,,,,,
2018,2,5,76.6,62.2,61.6,4.3,30,,,,,,,,,
2018,2,6,74.9,59.7,60.1,6.7,30,,,,,,,,,
2018,2,7,76.9,61.4,59.7,4.8,29.9,,,,,,,,,
2018,2,8,79,68.8,72.9,4.1,29.9,,,,,,,,,
2018,2,9,79.6,71.3,77.3,4.7,29.9,,,,,,,,,
2018,2,10,81.5,72.3,75.7,4.1,29.9,,,,,,,,,
2018,2,11,82.1,74.1,78.7,2.5,29.9,,,,,,,,,
2018,2,12,82.8,69.1,66.8,7.1,30,,,,,,,,,
2018,2,13,80.1,64.7,60.8,5.8,30,,,,,,,,,
2018,2,14,82.1,65.5,59.7,2.3,30,,,,,,,,,
2018,2,15,83.5,70.6,67.3,4,29.9,,,,,,,,,
2018,2,16,84.2,74.7,75.4,3.9,29.8,,,,,,,,,
2018,2,17,84.7,75.6,76.6,4.6,29.8,,,,,,,,,
2018,2,18,84.8,75.6,75.6,7,29.8,,,,,,,,,
2018,2,19,82.7,76.7,82.8,5.2,29.8,,,,,,,,,
2018,2,20,83.8,75.4,77.3,5.7,29.8,,,,,,,,,
2018,2,21,85.3,74.9,72.6,6.4,29.8,,,,,,,,,
2018,2,22,84.8,76.2,76.4,6.2,29.8,,,,,,,,,
2018,2,23,81,73.7,79.1,5.1,29.9,,,,,,,,,
2018,2,24,83.8,75,76.6,4.4,29.9,,,,,,,,,
2018,2,25,84.2,74.4,74,4.5,29.9,,,,,,,,,
2018,2,26,84.1,73.5,72,6.3,29.8,,,,,,,,,
2018,2,27,79,74.6,87.9,5.6,29.8,,,,,,,,,
2018,2,28,80.9,73.9,81.5,4.6,29.8,,,,,,,,,
2018,3,1,84.5,76.4,78.4,5.3,29.8,,,,,,,,,
2018,3,2,85.6,76.5,75.3,7.9,29.8,,,,,,,,,
2018,3,3,85.9,76.8,75.4,7.9,29.8,,,,,,,,,
2018,3,4,86.2,76.9,74.5,6.6,29.8,,,,,,,,,
2018,3,5,86.4,77.4,76,6.4,29.8,,,,,,,,,
2018,3,6,86,77.8,76.6,7.2,29.8,,,,,,,,,
2018,3,7,83,76.4,81.7,7.1,29.8,,,,,,,,,
2018,3,8,83.3,76.3,79.7,5.5,29.8,,,,,,,,,
2018,3,9,77.5,72,82.8,5.5,29.9,,,,,,,,,
2018,3,10,78.5,67.6,69.8,5.3,29.9,,,,,,,,,
2018,3,11,82.4,67.8,62.9,4,29.9,,,,,,,,,
2018,3,12,83.8,72,68,5,29.9,,,,,,,,,
2018,3,13,85.3,75.5,74.2,6.3,29.8,,,,,,,,,
2018,3,14,85.8,76.4,74.2,8.9,29.8,,,,,,,,,
2018,3,15,86.2,75.2,70.7,8.6,29.8,,,,,,,,,
2018,3,16,83.9,75.7,78,8.2,29.8,,,,,,,,,
2018,3,17,85.3,75.3,74,7.3,29.8,,,,,,,,,
2018,3,18,86,75.9,73.4,8.2,29.8,,,,,,,,,
2018,3,19,87.1,77.2,73.5,7.8,29.8,,,,,,,,,
2018,3,20,87.5,77.3,72.9,7.2,29.8,,,,,,,,,
2018,3,21,84.7,76.7,77.6,8.1,29.8,,,,,,,,,
2018,3,22,83.7,74.7,76.3,6.4,29.8,,,,,,,,,
2018,3,23,85.8,73.1,67.5,6.8,29.8,,,,,,,,,
2018,3,24,86.4,74,67.9,5.1,29.9,,,,,,,,,
2018,3,25,86,75.9,72.4,6.2,29.9,,,,,,,,,
2018,3,26,86.8,75.8,70.8,5.9,29.9,,,,,,,,,
2018,3,27,83.4,76.2,79.8,6.1,29.8,,,,,,,,,
2018,3,28,84.5,78.1,81.5,6.6,29.8,,,,,,,,,
2018,3,29,85.8,77.8,77.6,8.4,29.8,,,,,,,,,
2018,3,30,84.7,78.7,82.8,7.4,29.8,,,,,,,,,
2018,3,31,83.6,77.7,82.7,5.9,29.8,,,,,,,,,
2018,4,1,82.1,75.5,81.6,3.7,29.8,,,,,,,,,
2018,4,2,82.8,76.9,83.2,4.4,29.8,,,,,,,,,
2018,4,3,82.9,75.3,79.6,4,29.8,,,,,,,,,
2018,4,4,85.7,78.1,78.3,6.5,29.8,,,,,,,,,
2018,4,5,84.5,77,79.2,6.3,29.8,,,,,,,,,
2018,4,6,84.9,75.7,76,4.7,29.8,,,,,,,,,
2018,4,7,76.7,71.6,84,9.8,29.9,,,,,,,,,
2018,4,8,76.8,63.3,63.4,7.8,29.9,,,,,,,,,
2018,4,9,82.7,66.7,60.2,4.6,29.9,,,,,,,,,
2018,4,10,86.7,71,61.6,3.5,29.8,,,,,,,,,
2018,4,11,86.7,76.8,73.5,6.3,29.8,,,,,,,,,
2018,4,12,87.8,77.4,72.4,7.9,29.8,,,,,,,,,
2018,4,13,88.5,78.5,72.9,8,29.8,,,,,,,,,
2018,4,14,88.5,79,74.5,8.3,29.8,,,,,,,,,
2018,4,15,89,78.8,72.1,8.5,29.8,,,,,,,,,
2018,4,16,87.8,76.3,69.6,6.7,29.8,,,,,,,,,
2018,4,17,79.7,74.9,86.3,6.5,29.9,,,,,,,,,
2018,4,18,82.5,74.1,77.8,5.2,29.8,,,,,,,,,
2018,4,19,85.5,76.5,75.3,5.8,29.8,,,,,,,,,
2018,4,20,86.9,78.3,76.3,6.7,29.8,,,,,,,,,
2018,4,21,87.9,78,73.2,7.2,29.8,,,,,,,,,
2018,4,22,88.8,77.8,70.9,8,29.8,,,,,,,,,
2018,4,23,89.6,76.8,67.9,7,29.7,,,,,,,,,
2018,4,24,89.4,78.3,70.8,8.6,29.7,,,,,,,,,
2018,4,25,88.1,78,72.3,7,29.7,,,,,,,,,
2018,4,26,84,78,82.5,6.5,29.8,,,,,,,,,
2018,4,27,82.9,76.1,81.6,4.3,29.8,,,,,,,,,
2018,4,28,77.2,75.9,96.1,5.5,29.9,,,,,,,,,
2018,4,29,80.9,75.7,85.2,5.6,29.8,,,,,,,,,
2018,4,30,80,77.4,92.2,5.9,29.8,,,,,,,,,
2018,5,1,82.3,76.8,85.1,5.8,29.8,,,,,,,,,
2018,5,2,83.3,77.2,82.7,5.2,29.8,,,,,,,,,
2018,5,3,83,77,83,5.7,29.8,,,,,,,,,
2018,5,4,83.2,77.5,83.5,4.7,29.8,,,,,,,,,
2018,5,5,84,78.3,83.5,3.9,29.9,,,,,,,,,
2018,5,6,83.7,79.7,87.7,5.5,29.8,,,,,,,,,
2018,5,7,85.7,78.7,80.8,6.6,29.8,,,,,,,,,
2018,5,8,86.2,78.7,79.5,4.9,29.7,,,,,,,,,
2018,5,9,86.8,80.6,81.5,6.3,29.8,,,,,,,,,
2018,5,10,87.5,79.5,77.7,7.5,29.8,,,,,,,,,
2018,5,11,80.8,76.3,87.4,6.1,29.8,,,,,,,,,
2018,5,12,82.2,77.7,86.4,3.9,29.8,,,,,,,,,
2018,5,13,84,78.3,83.3,3.8,29.8,,,,,,,,,
2018,5,14,82.7,76.6,83,4.3,29.8,,,,,,,,,
2018,5,15,82.8,78.4,86.9,3.3,29.8,,,,,,,,,
2018,5,16,87.7,77.8,74.3,4.4,29.7,,,,,,,,,
2018,5,17,86.7,79.9,79.8,6.5,29.7,,,,,,,,,
2018,5,18,84.6,78.7,82.5,5.6,29.7,,,,,,,,,
2018,5,19,85.1,77.3,78.2,4.5,29.7,,,,,,,,,
2018,5,20,85.2,79,82,5.3,29.7,,,,,,,,,
2018,5,21,84.2,78,82,6,29.7,,,,,,,,,
2018,5,22,83,76.9,82.8,5.5,29.8,,,,,,,,,
2018,5,23,83.2,76.8,82.1,6.3,29.8,,,,,,,,,
2018,5,24,83.5,76.1,79.9,7.4,29.8,,,,,,,,,
2018,5,25,84.4,77.2,79.7,6,29.8,,,,,,,,,
2018,5,26,82.4,77.9,86.6,5.3,29.8,,,,,,,,,
2018,5,27,84.1,78,83.3,5,29.8,,,,,,,,,
2018,5,28,85,78.1,80.5,2.6,29.8,,,,,,,,,
2018,5,29,84.2,78,82.2,8,29.8,,,,,,,,,
2018,5,30,84.1,78.9,84.7,7.1,29.8,,,,,,,,,
2018,5,31,84,77.5,81.3,4.8,29.8,,,,,,,,,
2018,6,1,86,76.3,73.2,5.2,29.8,,,,,,,,,
2018,6,2,85.4,75.5,73.8,7.2,29.8,,,,,,,,,
2018,6,3,87.3,76,69.9,8.3,29.7,,,,,,,,,
2018,6,4,87.4,76,69.8,7.8,29.7,,,,,,,,,
2018,6,5,87.5,75.9,69,6.8,29.7,,,,,,,,,
2018,6,6,85.9,76,73.2,9.5,29.8,,,,,,,,,
2018,6,7,85.1,76,74.3,9.1,29.7,,,,,,,,,
2018,6,8,84,75.3,75.5,9.3,29.7,,,,,,,,,
2018,6,9,83.2,76.9,81.1,6,29.7,,,,,,,,,
2018,6,10,84.1,79.3,85.8,7,29.7,,,,,,,,,
2018,6,11,86.4,78,76.2,9.8,29.7,,,,,,,,,
2018,6,12,87.3,77,71.8,10.8,29.8,,,,,,,,,
2018,6,13,87,76.8,71.7,9.4,29.7,,,,,,,,,
2018,6,14,87,76.4,71.1,8.9,29.7,,,,,,,,,
2018,6,15,84.9,77.5,79.6,8.4,29.7,,,,,,,,,
2018,6,16,85.5,77.8,77.9,8.3,29.7,,,,,,,,,
2018,6,17,85.8,73.7,68,12.8,29.6,,,,,,,,,
2018,6,18,85.7,74.8,70.9,9.6,29.6,,,,,,,,,
2018,6,19,86.7,76,71.1,8.8,29.7,,,,,,,,,
2018,6,20,86.8,76.8,72.6,7.4,29.7,,,,,,,,,
2018,6,21,86,77,74.7,5.6,29.8,,,,,,,,,
2018,6,22,87.8,75.2,66.8,8.3,29.8,,,,,,,,,
2018,6,23,87.6,75.1,67.3,9.5,29.7,,,,,,,,,
2018,6,24,87.1,75.2,68.1,9.2,29.7,,,,,,,,,
2018,6,25,85.4,74.2,70.1,8.5,29.7,,,,,,,,,
2018,6,26,83.8,76.5,80,6.3,29.8,,,,,,,,,
2018,6,27,80.1,78.2,94,5.3,29.8,,,,,,,,,
2018,6,28,81.6,77,87.1,4.3,29.8,,,,,,,,,
2018,6,29,83.8,75.4,77.9,2.9,29.7,,,,,,,,,
2018,6,30,85.7,76.5,75.6,6.8,29.7,,,,,,,,,
2018,7,1,84.6,76.3,78.8,6.3,29.7,,,,,,,,,
2018,7,2,83.6,77.1,82.5,7.6,29.7,,,,,,,,,
2018,7,3,84.8,75.3,74.6,9.4,29.7,,,,,,,,,
2018,7,4,85.2,75.1,73.2,9.4,29.7,,,,,,,,,
2018,7,5,85.5,74.6,71.1,9.3,29.7,,,,,,,,,
2018,7,6,83.8,74.6,75.2,9.8,29.7,,,,,,,,,
2018,7,7,84.3,74.8,75.3,8,29.7,,,,,,,,,
2018,7,8,86.2,74.2,68.1,8.9,29.7,,,,,,,,,
2018,7,9,84.4,75.6,76,7.4,29.7,,,,,,,,,
2018,7,10,84.1,75.8,77.7,8.2,29.7,,,,,,,,,
2018,7,11,83.1,74.3,75.5,10.8,29.7,,,,,,,,,
2018,7,12,83.3,74.9,76.7,7.9,29.7,,,,,,,,,
2018,7,13,83.7,75.8,78.8,8.4,29.6,,,,,,,,,
2018,7,14,84,75.6,76.5,7.3,29.7,,,,,,,,,
2018,7,15,84.8,75.1,73.3,10,29.7,,,,,,,,,
2018,7,16,83.3,76.2,79.3,7.7,29.7,,,,,,,,,
2018,7,17,80.8,78.3,91.5,6.5,29.6,,,,,,,,,
2018,7,18,83.5,75.4,77.7,10.8,29.6,,,,,,,,,
2018,7,19,83.9,76.4,79.1,6.9,29.6,,,,,,,,,
2018,7,20,84.8,78.8,82.1,7.3,29.7,,,,,,,,,
2018,7,21,86.8,77,73,8.4,29.7,,,,,,,,,
2018,7,22,84.4,77,78.6,7.7,29.7,,,,,,,,,
2018,7,23,85.9,76.4,73.4,9.3,29.7,,,,,,,,,
2018,7,24,85.8,74.8,70.1,9.8,29.7,,,,,,,,,
2018,7,25,85.5,76.2,73.9,8.1,29.7,,,,,,,,,
2018,7,26,85.8,76.1,73.5,8,29.7,,,,,,,,,
2018,7,27,86.3,76.9,73.7,7.8,29.7,,,,,,,,,
2018,7,28,84.7,76.3,77.1,8.4,29.7,,,,,,,,,
2018,7,29,83.7,77.7,83.1,5,29.7,,,,,,,,,
2018,7,30,81.5,77.3,88.3,5.2,29.7,,,,,,,,,
2018,7,31,84.2,74.5,74.8,6.8,29.8,,,,,,,,,
2018,8,1,85.3,74.2,70.3,8.9,29.8,,,,,,,,,
2018,8,2,85.3,72.9,67,11.3,29.8,,,,,,,,,
2018,8,3,85.2,73.3,68.3,10.2,29.7,,,,,,,,,
2018,8,4,85.8,73.8,68.4,10.2,29.7,,,,,,,,,
2018,8,5,84.8,75.5,74.3,8.8,29.7,,,,,,,,,
2018,8,6,82.7,77,83.1,6.7,29.7,,,,,,,,,
2018,8,7,83.1,78.4,86.5,3.8,29.7,,,,,,,,,
2018,8,8,84.2,75.9,77.7,8.4,29.7,,,,,,,,,
2018,8,9,84.8,72.8,68.4,11.7,29.7,,,,,,,,,
2018,8,10,84.6,73.4,69.6,9.2,29.7,,,,,,,,,
2018,8,11,83.6,74.5,74.5,7.8,29.7,,,,,,,,,
2018,8,12,84,74.5,73.5,8.4,29.7,,,,,,,,,
2018,8,13,84.9,77.5,78.5,7.6,29.7,,,,,,,,,
2018,8,14,84.9,76.9,77,8.9,29.7,,,,,,,,,
2018,8,15,84.4,76.4,77.9,8.9,29.7,,,,,,,,,
2018,8,16,84.8,75.3,74.5,9.9,29.7,,,,,,,,,
2018,8,17,84.9,75.3,73.6,10.8,29.6,,,,,,,,,
2018,8,18,84.2,76.6,78.8,8.2,29.6,,,,,,,,,
2018,8,19,84,77.6,81.9,6.2,29.7,,,,,,,,,
2018,8,20,84.7,78.8,82.3,6.7,29.7,,,,,,,,,
2018,8,21,84.5,78.1,82.2,5.5,29.7,,,,,,,,,
2018,8,22,85,76.5,76.6,8.5,29.7,,,,,,,,,
2018,8,23,84.3,76.8,78.9,6.5,29.7,,,,,,,,,
2018,8,24,82.6,77.3,85.9,5.2,29.7,,,,,,,,,
2018,8,25,81.2,77.6,89.8,4.6,29.8,,,,,,,,,
2018,8,26,81,76.8,88,5,29.7,,,,,,,,,
2018,8,27,79.9,76.4,89.9,6.2,29.7,,,,,,,,,
2018,8,28,81,75.4,85,6.9,29.8,,,,,,,,,
2018,8,29,84.1,74.6,74.9,9.6,29.8,,,,,,,,,
2018,8,30,84,74.4,74.2,10.8,29.7,,,,,,,,,
2018,8,31,82.2,75.6,82.1,7.3,29.8,,,,,,,,,
2018,9,1,83.2,76.5,82.6,5.5,29.8,,,,,,,,,
2018,9,2,85.6,76.1,74.6,8.4,29.8,,,,,,,,,
2018,9,3,83.2,76,80.2,7.8,29.7,,,,,,,,,
2018,9,4,81.5,76.2,85.6,5.9,29.8,,,,,,,,,
2018,9,5,81.8,75.1,82.4,8.7,29.8,,,,,,,,,
2018,9,6,83.8,74.2,74.6,8.9,29.7,,,,,,,,,
2018,9,7,86.7,75.4,70.9,9.4,29.7,,,,,,,,,
2018,9,8,83.3,76.1,79.5,5.6,29.7,,,,,,,,,
2018,9,9,82.2,77.9,87.4,3.9,29.8,,,,,,,,,
2018,9,10,83.5,77.9,83.5,4.3,29.8,,,,,,,,,
2018,9,11,85.7,76.9,76.1,7.5,29.8,,,,,,,,,
2018,9,12,83.3,76.4,80.8,6.9,29.8,,,,,,,,,
2018,9,13,82.4,76.6,84.3,6.1,29.7,,,,,,,,,
2018,9,14,79.8,77,91.3,6.8,29.7,,,,,,,,,
2018,9,15,81.2,77.3,88.9,6,29.7,,,,,,,,,
2018,9,16,81.3,77.9,89.8,4.7,29.6,,,,,,,,,
2018,9,17,84,75.8,77.5,7.8,29.6,,,,,,,,,
2018,9,18,84.6,75.3,74.7,7.5,29.7,,,,,,,,,
2018,9,19,80,78.4,94.9,3.4,29.8,,,,,,,,,
2018,9,20,83.1,77.6,84.2,5.1,29.8,,,,,,,,,
2018,9,21,86.1,77.6,77.1,4.7,29.8,,,,,,,,,
2018,9,22,85.1,77,77.9,4.9,29.8,,,,,,,,,
2018,9,23,83.5,77.1,82.3,5.1,29.9,,,,,,,,,
2018,9,24,81,77.7,89.8,3.8,29.9,,,,,,,,,
2018,9,25,84.5,77.9,81.7,5.4,29.8,,,,,,,,,
2018,9,26,85.9,75.8,73.3,6.3,29.8,,,,,,,,,
2018,9,27,86.8,78,75.4,5.9,29.8,,,,,,,,,
2018,9,28,86.7,79.5,79.2,4.6,29.8,,,,,,,,,
2018,9,29,85.6,78.2,79.1,6,29.8,,,,,,,,,
2018,9,30,83,76.7,82.7,6.2,29.8,,,,,,,,,
2018,10,1,83.2,77.6,84.2,5.8,29.8,,,,,,,,,
2018,10,2,81.3,77.9,89.8,4,29.8,,,,,,,,,
2018,10,3,84.6,76.1,77.4,3.8,29.8,,,,,,,,,
2018,10,4,84.8,75.3,74.9,4.7,29.8,,,,,,,,,
2018,10,5,81.8,76.7,86.3,7.2,29.8,,,,,,,,,
2018,10,6,82.6,77.3,85.5,5.2,29.8,,,,,,,,,
2018,10,7,84.1,77.1,81.1,3.9,29.8,,,,,,,,,
2018,10,8,84.3,76.9,79.5,5.2,29.8,,,,,,,,,
2018,10,9,84.1,75.8,77.2,4.2,29.8,,,,,,,,,
2018,10,10,85.6,76,74.6,5.2,29.8,,,,,,,,,
2018,10,11,86,76.2,73.7,5.4,29.9,,,,,,,,,
2018,10,12,85.8,74.8,70.7,6.7,29.9,,,,,,,,,
2018,10,13,83.6,77.1,81.3,5.1,29.9,,,,,,,,,
2018,10,14,86.7,77.4,75.3,4.7,29.9,,,,,,,,,
2018,10,15,85.1,78.3,81.1,3.7,29.9,,,,,,,,,
2018,10,16,84.8,78.8,82,5.4,29.8,,,,,,,,,
2018,10,17,84.8,78,80.2,4.6,29.8,,,,,,,,,
2018,10,18,85.5,77,75.8,5.4,29.8,,,,,,,,,
2018,10,19,85.3,76.3,75.4,4.4,29.8,,,,,,,,,
2018,10,20,80.9,77.5,89.9,5.4,29.8,,,,,,,,,
2018,10,21,80.5,78.5,93.8,6.5,29.9,,,,,,,,,
2018,10,22,82.8,77.5,84.8,5.1,29.9,,,,,,,,,
2018,10,23,81.3,77.7,89.3,4.8,29.9,,,,,,,,,
2018,10,24,82.8,77.2,84,4.3,29.9,,,,,,,,,
2018,10,25,83.8,77.8,82.8,4.3,29.9,,,,,,,,,
2018,10,26,85.3,77.8,79.8,5,29.9,,,,,,,,,
2018,10,27,84.8,76.3,77.5,4.5,29.9,,,,,,,,,
2018,10,28,85.3,76.1,75.5,4.3,29.9,,,,,,,,,
2018,10,29,86,75.7,72.3,5,29.8,,,,,,,,,
2018,10,30,84.7,72.3,67.5,7.1,29.8,,,,,,,,,
2018,10,31,81.9,65.6,59.4,7.3,29.9,,,,,,,,,
2018,11,1,80.1,64.5,60.2,6.7,29.9,,,,,,,,,
2018,11,2,81.2,63.4,56.1,5.1,29.9,,,,,,,,,
2018,11,3,81.7,66,60.3,5.2,29.9,,,,,,,,,
2018,11,4,84,70.1,63.5,6.7,29.9,,,,,,,,,
2018,11,5,85.6,72.2,64.8,6.7,29.8,,,,,,,,,
2018,11,6,85.1,72,65.7,5.9,29.8,,,,,,,,,
2018,11,7,84.8,73.8,69.9,6.3,29.8,,,,,,,,,
2018,11,8,84.4,74.8,73.9,7.2,29.8,,,,,,,,,
2018,11,9,81,76.5,86.7,5.2,29.8,,,,,,,,,
2018,11,10,82.6,76.9,84,6,29.8,,,,,,,,,
2018,11,11,84.4,76,77.8,5.5,29.9,,,,,,,,,
2018,11,12,85.6,75.2,72.6,4,29.8,,,,,,,,,
2018,11,13,84.7,77.2,78.2,5.8,29.8,,,,,,,,,
2018,11,14,86.2,77.3,75.5,4.2,29.8,,,,,,,,,
2018,11,15,86.6,77.7,75.7,4.3,29.8,,,,,,,,,
2018,11,16,86.6,78,75.7,4.5,29.8,,,,,,,,,
2018,11,17,85,77.6,78.6,4.1,29.8,,,,,,,,,
2018,11,18,82.4,75.8,81.7,3.3,29.9,,,,,,,,,
2018,11,19,84.4,76.2,77.6,5.4,29.9,,,,,,,,,
2018,11,20,84.8,75.7,75,3.8,29.9,,,,,,,,,
2018,11,21,86.7,75.2,70.3,4.3,29.9,,,,,,,,,
2018,11,22,86.8,76.2,71.9,4.4,29.9,,,,,,,,,
2018,11,23,85,73.9,70.7,5.2,29.9,,,,,,,,,
2018,11,24,84.3,71.9,67.1,4.6,29.9,,,,,,,,,
2018,11,25,83.8,70.2,64.8,5.5,29.9,,,,,,,,,
2018,11,26,82.6,67.5,61.3,6.9,29.9,,,,,,,,,
2018,11,27,80.3,68.3,67.1,6.7,29.9,,,,,,,,,
2018,11,28,78.9,70,73.7,6,29.9,,,,,,,,,
2018,11,29,82.6,71.7,70.1,4.3,29.9,,,,,,,,,
2018,11,30,84.2,72.9,69.7,5.2,29.9,,,,,,,,,
2018,12,1,86,74.6,70.6,4,29.9,,,,,,,,,
2018,12,2,86.4,74.8,69.9,4.2,29.8,,,,,,,,,
2018,12,3,86.6,74.1,68.3,3.9,29.8,,,,,,,,,
2018,12,4,87,74.5,67.9,4.9,29.8,,,,,,,,,
2018,12,5,86.8,73.9,66.8,4.9,29.8,,,,,,,,,
2018,12,6,86.2,73.3,66.8,4.8,29.8,,,,,,,,,
2018,12,7,86.5,74.5,68.6,5.2,29.8,,,,,,,,,
2018,12,8,78.7,75.6,91.1,7,29.9,,,,,,,,,
2018,12,9,80.7,76.2,86.9,5.9,29.9,,,,,,,,,
2018,12,10,81.8,72.6,73.7,5.3,29.9,,,,,,,,,
2018,12,11,83.5,73.3,72.7,5.1,29.9,,,,,,,,,
2018,12,12,82.1,73.9,77.6,7.1,29.9,,,,,,,,,
2018,12,13,80.5,68.7,67.5,6.7,29.9,,,,,,,,,
2018,12,14,79.8,66.9,65.2,6.8,29.9,,,,,,,,,
2018,12,15,80.5,67.1,64,8.3,29.9,,,,,,,,,
2018,12,16,83.6,68.6,60.8,8.7,29.9,,,,,,,,,
2018,12,17,82.1,68.6,63.9,7.8,29.9,,,,,,,,,
2018,12,18,81.7,68.7,65.8,6.9,29.9,,,,,,,,,
2018,12,19,83.5,69.3,63,5.3,29.9,,,,,,,,,
2018,12,20,84.8,72.3,67.3,3.5,29.9,,,,,,,,,
2018,12,21,86.1,73.7,68.7,3.2,29.8,,,,,,,,,
2018,12,22,87.2,76,70.9,4.9,29.8,,,,,,,,,
2018,12,23,86.1,73.3,66.3,7.4,29.8,,,,,,,,,
2018,12,24,84.9,70.9,63.5,5.7,29.8,,,,,,,,,
2018,12,25,83.8,68.7,62.3,5,29.8,,,,,,,,,
2018,12,26,83,66.6,59.5,5.7,29.8,,,,,,,,,
2018,12,27,82.8,66.5,59.7,5.6,29.8,,,,,,,,,
2018,12,28,83.7,70.3,65.1,6.2,29.8,,,,,,,,,
2018,12,29,80.3,74.4,84.3,5.8,29.9,,,,,,,,,
2018,12,30,78.8,72,80,6.3,29.9,,,,,,,,,
2018,12,31,78.7,67.6,69.2,5.7,30,,,,,,,,,
2019,1,1,77,63.5,63.6,6.6,30,,,,,,,,,
2019,1,2,78.1,63,59.9,7.5,30,,,,,,,,,
2019,1,3,77.5,63.1,60.8,8.5,30,,,,,,,,,
2019,1,4,78.8,65.7,64.7,8.2,29.9,,,,,,,,,
2019,1,5,79,68.9,71.3,7.3,29.9,,,,,,,,,
2019,1,6,81.1,73.3,78.4,3.5,29.9,,,,,,,,,
2019,1,7,83.1,73.8,75.3,5.8,29.9,,,,,,,,,
2019,1,8,82.1,76.6,84,5,29.9,,,,,,,,,
2019,1,9,80.9,75.8,85.6,3.5,29.9,,,,,,,,,
2019,1,10,82.8,74.5,77.8,2.8,29.9,,,,,,,,,
2019,1,11,84.3,73.6,72.1,3.3,29.9,,,,,,,,,
2019,1,12,85.6,73.2,68.2,4,29.9,,,,,,,,,
2019,1,13,86,71.7,64.2,4.7,29.9,,,,,,,,,
2019,1,14,85.5,73.2,68.6,3.9,29.8,,,,,,,,,
2019,1,15,84.5,74.8,74.2,3.9,29.8,,,,,,,,,
2019,1,16,84.6,71.8,67.3,4.3,29.9,,,,,,,,,
2019,1,17,83.5,68.8,62,6.1,29.9,,,,,,,,,
2019,1,18,79.6,66.5,64.7,6.9,29.9,,,,,,,,,
2019,1,19,81.7,67.5,62.9,6.1,29.9,,,,,,,,,
2019,1,20,84.6,68.7,60,3.9,29.9,,,,,,,,,
2019,1,21,84.7,71.1,64.8,4.8,29.9,,,,,,,,,
2019,1,22,82.6,68,63.9,6.8,29.9,,,,,,,,,
2019,1,23,81.2,65.5,60.5,5.7,29.9,,,,,,,,,
2019,1,24,81.5,58.8,49.1,4.8,29.9,,,,,,,,,
2019,1,25,81.2,61.2,53.4,5.2,29.9,,,,,,,,,
2019,1,26,80.5,59.9,51,6.2,30,,,,,,,,,
2019,1,27,79.7,60.1,52,6.2,30,,,,,,,,,
2019,1,28,80.3,60.6,52.4,5.4,29.9,,,,,,,,,
2019,1,29,81.4,61.8,53.4,3.3,29.9,,,,,,,,,
2019,1,30,82.8,65.8,57.4,4.3,29.9,,,,,,,,,
2019,1,31,84.8,70.7,63.8,4.4,29.9,,,,,,,,,
2019,2,1,84.4,71.9,68.8,5.6,29.9,,,,,,,,,
2019,2,2,83.8,73.6,73.8,5.1,29.9,,,,,,,,,
2019,2,3,84.8,73.4,70.7,6.1,29.9,,,,,,,,,
2019,2,4,86.3,75,71.2,4.1,29.9,,,,,,,,,
2019,2,5,86.4,76.3,73.5,7.3,29.9,,,,,,,,,
2019,2,6,85.2,76.3,75.2,8.4,29.9,,,,,,,,,
2019,2,7,85.8,75.7,73.4,6.8,29.9,,,,,,,,,
2019,2,8,86.1,76,73.4,6,29.9,,,,,,,,,
2019,2,9,86.4,77.3,75.4,6.7,29.9,,,,,,,,,
2019,2,10,86.4,77,74.6,7.8,29.9,,,,,,,,,
2019,2,11,85.8,76.5,74.4,8.1,29.9,,,,,,,,,
2019,2,12,85.7,73.7,69.2,4.8,30,,,,,,,,,
2019,2,13,87.1,72.3,64.4,6.3,29.9,,,,,,,,,
2019,2,14,85.3,74.9,72.2,7.6,29.9,,,,,,,,,
2019,2,15,84.9,74.5,72.4,8.1,29.9,,,,,,,,,
2019,2,16,84.8,73.9,71.2,8.5,29.9,,,,,,,,,
2019,2,17,84.3,73.2,69.7,9.5,29.9,,,,,,,,,
2019,2,18,84.6,73.5,71,8,29.9,,,,,,,,,
2019,2,19,84.4,72.2,69.4,8,29.9,,,,,,,,,
2019,2,20,85.7,72.3,66.8,6.9,29.9,,,,,,,,,
2019,2,21,86,74.6,70.5,6.1,29.9,,,,,,,,,
2019,2,22,85.9,73.3,68,7.3,29.9,,,,,,,,,
2019,2,23,87,74.4,68.5,8.1,29.8,,,,,,,,,
2019,2,24,86.6,76.4,72.6,8.2,29.8,,,,,,,,,
2019,2,25,86.2,76.2,73.1,8.4,29.8,,,,,,,,,
2019,2,26,85.4,73.5,68.2,9.2,29.8,,,,,,,,,
2019,2,27,84.7,73.4,70.3,5.8,29.8,,,,,,,,,
2019,2,28,85.6,73.9,69.8,7.4,29.8,,,,,,,,,
2019,3,1,86,74.9,71.4,8.1,29.8,,,,,,,,,
2019,3,2,86.9,75.5,69.9,9.2,29.8,,,,,,,,,
2019,3,3,87.2,75.1,69,9.1,29.8,,,,,,,,,
2019,3,4,86.7,75.3,70,11,29.8,,,,,,,,,
2019,3,5,85.8,71.8,65.4,9.8,29.8,,,,,,,,,
2019,3,6,86.5,71.2,64.3,6.8,29.8,,,,,,,,,
2019,3,7,86.2,73.5,68.2,7.9,29.8,,,,,,,,,
2019,3,8,86.2,72.5,67.2,8,29.8,,,,,,,,,
2019,3,9,86,73.7,68.9,9.7,29.8,,,,,,,,,
2019,3,10,86.6,74.2,68.5,7.8,29.8,,,,,,,,,
2019,3,11,86.8,73.4,67.9,6.4,29.8,,,,,,,,,
2019,3,12,87.6,66.8,59.6,6.2,29.8,,,,,,,,,
2019,3,13,87.1,73.5,67.8,7.5,29.9,,,,,,,,,
2019,3,14,86.3,75.3,71.6,8.4,29.9,,,,,,,,,
2019,3,15,87.6,73.3,65.1,7.6,29.9,,,,,,,,,
2019,3,16,82.7,75.1,78.4,7.4,29.9,,,,,,,,,
2019,3,17,85.8,75.6,73.9,5.5,29.9,,,,,,,,,
2019,3,18,87.4,76.5,71.6,7.9,29.8,,,,,,,,,
2019,3,19,87.8,75.3,67.9,8.7,29.8,,,,,,,,,
2019,3,20,87,76.2,71.8,8.7,29.8,,,,,,,,,
2019,3,21,87.2,76.7,72.5,7.8,29.8,,,,,,,,,
2019,3,22,89.3,75.4,67,8.4,29.8,,,,,,,,,
2019,3,23,89,77.2,70.4,6.8,29.8,,,,,,,,,
2019,3,24,87.9,77.2,72.3,8.5,29.8,,,,,,,,,
2019,3,25,83.4,75.5,77.5,8.3,29.8,,,,,,,,,
2019,3,26,86.6,75.5,71.8,6.8,29.9,,,,,,,,,
2019,3,27,86.8,76.4,72.4,7,29.9,,,,,,,,,
2019,3,28,88.4,75.9,68.2,8.1,29.8,,,,,,,,,
2019,3,29,88.7,76.6,68.4,8.6,29.8,,,,,,,,,
2019,3,30,88.4,78.5,73.2,8,29.8,,,,,,,,,
2019,3,31,87.6,76.4,70.1,9,29.8,,,,,,,,,
2019,4,1,86.8,73.1,65.6,7.4,29.9,,,,,,,,,
2019,4,2,86.3,74.7,70,7.3,29.8,,,,,,,,,
2019,4,3,86,75,70.7,6.9,29.9,,,,,,,,,
2019,4,4,87.1,70.8,63.1,7.3,29.9,,,,,,,,,
2019,4,5,88.8,74.3,63.7,8.2,29.8,,,,,,,,,
2019,4,6,87.2,76.4,71.3,7.4,29.8,,,,,,,,,
2019,4,7,85.9,76.2,73.5,7,29.8,,,,,,,,,
2019,4,8,86.1,75.5,73.8,5.8,29.8,,,,,,,,,
2019,4,9,89.8,77.4,68.4,8.2,29.8,,,,,,,,,
2019,4,10,90.7,77.5,66.6,8.4,29.8,,,,,,,,,
2019,4,11,90,78,68.7,10,29.7,,,,,,,,,
2019,4,12,90.1,78.2,68.7,9.5,29.7,,,,,,,,,
2019,4,13,90.3,78.3,68.6,9.8,29.8,,,,,,,,,
2019,4,14,90.4,77.6,67.5,9.2,29.8,,,,,,,,,
2019,4,15,90.4,78.7,69.6,10,29.8,,,,,,,,,
2019,4,16,90.8,78.7,69,8.3,29.8,,,,,,,,,
2019,4,17,91.7,77.3,65,9,29.8,,,,,,,,,
2019,4,18,91.6,80.5,70.5,9.7,29.8,,,,,,,,,
2019,4,19,91.7,78.5,66.8,9.4,29.7,,,,,,,,,
2019,4,20,92.8,74.7,59.9,8.6,29.7,,,,,,,,,
2019,4,21,92.2,77.3,63.5,8.8,29.7,,,,,,,,,
2019,4,22,91.8,79.1,67,10.1,29.7,,,,,,,,,
2019,4,23,87.8,76.3,71.7,7.2,29.8,,,,,,,,,
2019,4,24,91.9,77.1,63.7,4.7,29.8,,,,,,,,,
2019,4,25,89.3,78.6,72.2,7.8,29.7,,,,,,,,,
2019,4,26,87.3,76.9,71.6,5.6,29.7,,,,,,,,,
2019,4,27,87.5,77.5,72.8,7.4,29.8,,,,,,,,,
2019,4,28,90.7,76.8,65.3,9.3,29.8,,,,,,,,,
2019,4,29,90.6,78.5,68.7,8.8,29.8,,,,,,,,,
2019,4,30,90.9,77.5,66.2,8.8,29.8,,,,,,,,,
2019,5,1,91.3,75.1,60.4,8.9,29.8,,,,,,,,,
2019,5,2,92.2,75.2,59.1,8.4,29.7,,,,,,,,,
2019,5,3,92.5,77,62.1,8.3,29.8,,,,,,,,,
2019,5,4,90.8,77.4,66.8,8.5,29.8,,,,,,,,,
2019,5,5,89.8,76.5,65.8,8,29.8,,,,,,,,,
2019,5,6,91.6,75.4,60.3,10.8,29.7,,,,,,,,,
2019,5,7,90.7,74.5,59.7,10.4,29.7,,,,,,,,,
2019,5,8,90.4,74.5,60.4,10,29.6,,,,,,,,,
2019,5,9,89.8,74.6,61.8,10.1,29.7,,,,,,,,,
2019,5,10,88.4,74,64,8.7,29.7,,,,,,,,,
2019,5,11,88.3,75.9,68.8,5.8,29.8,,,,,,,,,
2019,5,12,86.6,75.5,70.9,7.5,29.7,,,,,,,,,
2019,5,13,82.3,75.8,81.8,4,29.7,,,,,,,,,
2019,5,14,82.9,76.1,81.8,6.2,29.7,,,,,,,,,
2019,5,15,86.6,76.1,73,5.3,29.8,,,,,,,,,
2019,5,16,86.6,76.3,72.5,7.1,29.8,,,,,,,,,
2019,5,17,88.9,74.9,64.5,9,29.7,,,,,,,,,
2019,5,18,89.8,75.3,63.7,8.5,29.7,,,,,,,,,
2019,5,19,91.7,75,59.8,8.9,29.7,,,,,,,,,
2019,5,20,90.5,78.4,68.8,8.2,29.7,,,,,,,,,
2019,5,21,88.7,78.2,72.1,6.9,29.7,,,,,,,,,
2019,5,22,84.7,75.5,75.4,6.6,29.8,,,,,,,,,
2019,5,23,83.5,77,82.4,5.5,29.8,,,,,,,,,
2019,5,24,86.3,76.2,74.4,6.9,29.8,,,,,,,,,
2019,5,25,87.7,76.2,69.6,7.6,29.7,,,,,,,,,
2019,5,26,87.8,75.4,67.7,10.2,29.7,,,,,,,,,
2019,5,27,87,75.8,70.3,8,29.7,,,,,,,,,
2019,5,28,86.2,77.2,76.1,6.7,29.7,,,,,,,,,
2019,5,29,85.7,77.3,77.6,7.4,29.7,,,,,,,,,
2019,5,30,83.3,78.6,85.4,8.2,29.7,,,,,,,,,
2019,5,31,86.6,77.6,76.5,5.4,29.7,,,,,,,,,
2019,6,1,88.7,76.8,69.2,6.5,29.7,,,,,,,,,
2019,6,2,87.3,77.1,73.8,5.7,29.8,,,,,,,,,
2019,6,3,87.2,77,73,3.8,29.8,,,,,,,,,
2019,6,4,89.7,77.6,69,6.9,29.7,,,,,,,,,
2019,6,5,85.7,80,83.4,6.2,29.7,,,,,,,,,
2019,6,6,84.2,77.2,80.6,4.9,29.8,,,,,,,,,
2019,6,7,83.1,78.3,86.2,4,29.8,,,,,,,,,
2019,6,8,85.4,78.1,80,4.4,29.8,,,,,,,,,
2019,6,9,84.1,77.8,82.3,6.2,29.7,,,,,,,,,
2019,6,10,84.7,74.3,71.3,7,29.7,,,,,,,,,
2019,6,11,82,77.3,85.6,4.9,29.7,,,,,,,,,
2019,6,12,86.4,78.5,78,8.6,29.7,,,,,,,,,
2019,6,13,86.7,77.5,74.7,8.3,29.7,,,,,,,,,
2019,6,14,87.3,78.8,76.6,6.7,29.7,,,,,,,,,
2019,6,15,87.4,78,74.6,8.2,29.7,,,,,,,,,
2019,6,16,84.2,78.8,84.4,5,29.7,,,,,,,,,
2019,6,17,83.4,79.5,87.7,3.6,29.7,,,,,,,,,
2019,6,18,85.5,76.5,74.8,6.5,29.7,,,,,,,,,
2019,6,19,86.1,76.6,73.7,7,29.7,,,,,,,,,
2019,6,20,87.2,76,70.4,6.4,29.7,,,,,,,,,
2019,6,21,89.4,76.3,66.1,7.7,29.7,,,,,,,,,
2019,6,22,90.1,76.7,65.8,9,29.7,,,,,,,,,
2019,6,23,87.3,79.1,77.1,7.1,29.7,,,,,,,,,
2019,6,24,84.6,79,83.3,6.3,29.7,,,,,,,,,
2019,6,25,84.3,78.2,83.1,5.4,29.8,,,,,,,,,
2019,6,26,85.8,76.7,74.6,8.4,29.7,,,,,,,,,
2019,6,27,84.3,74.1,73,9.4,29.7,,,,,,,,,
2019,6,28,84.9,75.8,75.9,8.7,29.7,,,,,,,,,
2019,6,29,85,75.3,74.2,8.2,29.7,,,,,,,,,
2019,6,30,83.1,77,82.6,6.3,29.7,,,,,,,,,
2019,7,1,84.2,76.4,78.5,7,29.7,,,,,,,,,
2019,7,2,85.8,75.5,72.2,9,29.7,,,,,,,,,
2019,7,3,80,76.7,90.3,5.2,29.7,,,,,,,,,
2019,7,4,81.3,75.5,84.4,7.8,29.7,,,,,,,,,
2019,7,5,78.6,76.1,92.9,3.9,29.8,,,,,,,,,
2019,7,6,82.6,76.3,82.7,6,29.8,,,,,,,,,
2019,7,7,84.7,74.5,72.9,7.6,29.8,,,,,,,,,
2019,7,8,87.1,75.8,69.8,8.8,29.8,,,,,,,,,
2019,7,9,85.4,75,72.7,8.4,29.8,,,,,,,,,
2019,7,10,85.5,75,72.7,7.3,29.8,,,,,,,,,
2019,7,11,87,73.5,65,8.1,29.8,,,,,,,,,
2019,7,12,87.7,74.1,64.8,9,29.8,,,,,,,,,
2019,7,13,87.2,74.8,68.2,10.7,29.8,,,,,,,,,
2019,7,14,87.5,72.3,60.5,13.7,29.7,,,,,,,,,
2019,7,15,85.9,73.4,67.2,10.5,29.7,,,,,,,,,
2019,7,16,87.1,74.4,66.8,9.3,29.7,,,,,,,,,
2019,7,17,87.1,74.5,66.6,9.9,29.6,,,,,,,,,
2019,7,18,87.6,75.3,67.5,8.1,29.6,,,,,,,,,
2019,7,19,86.7,75.2,69.7,9.8,29.7,,,,,,,,,
2019,7,20,84.3,78.3,82.4,5.3,29.7,,,,,,,,,
2019,7,21,86.3,76.3,72.5,8.5,29.7,,,,,,,,,
2019,7,22,87.7,75,66.8,6.9,29.7,,,,,,,,,
2019,7,23,85.7,75.4,73.2,8.3,29.7,,,,,,,,,
2019,7,24,85.6,75.8,73.1,7.2,29.8,,,,,,,,,
2019,7,25,84.2,74.2,73.4,8.2,29.8,,,,,,,,,
2019,7,26,84.5,74.6,73.9,5,29.8,,,,,,,,,
2019,7,27,86.4,72,62.7,8.3,29.8,,,,,,,,,
2019,7,28,88.1,74.1,64.1,8.1,29.7,,,,,,,,,
2019,7,29,87.3,72.3,60.9,13.1,29.8,,,,,,,,,
2019,7,30,86.9,71.7,60.5,14.1,29.7,,,,,,,,,
2019,7,31,85.1,71.4,63.9,14.2,29.7,,,,,,,,,
2019,8,1,83.9,71.4,66.3,11.3,29.7,,,,,,,,,
2019,8,2,84.7,71.5,64.8,12.4,29.7,,,,,,,,,
2019,8,3,85.1,72.5,66,13.8,29.7,,,,,,,,,
2019,8,4,82.9,73.4,74.5,11.1,29.7,,,,,,,,,
2019,8,5,82.6,75.8,81.7,7.2,29.7,,,,,,,,,
2019,8,6,83.4,76.6,80.8,6.5,29.7,,,,,,,,,
2019,8,7,83.8,75.2,77,9.2,29.7,,,,,,,,,
2019,8,8,83.4,75.5,78.3,11,29.7,,,,,,,,,
2019,8,9,84,76.2,78.4,9.5,29.6,,,,,,,,,
2019,8,10,84.5,75.8,75.4,10.1,29.6,,,,,,,,,
2019,8,11,85,76.5,76,9.6,29.6,,,,,,,,,
2019,8,12,85.5,76.3,75.1,8.3,29.7,,,,,,,,,
2019,8,13,85.4,76.5,74.9,6.7,29.8,,,,,,,,,
2019,8,14,85.9,76.4,74.6,8.3,29.8,,,,,,,,,
2019,8,15,87.1,75.7,69.7,10.2,29.7,,,,,,,,,
2019,8,16,87,76,70.9,10.4,29.7,,,,,,,,,
2019,8,17,85.2,76.8,76.6,9,29.8,,,,,,,,,
2019,8,18,86.3,74.6,69.2,7.5,29.8,,,,,,,,,
2019,8,19,86.2,75.3,70.7,8.2,29.8,,,,,,,,,
2019,8,20,83.3,76.3,80.5,7.8,29.7,,,,,,,,,
2019,8,21,84.5,75.4,76.5,7.2,29.7,,,,,,,,,
2019,8,22,84,76.2,79.2,7,29.8,,,,,,,,,
2019,8,23,84.7,77.5,80.4,5,29.8,,,,,,,,,
2019,8,24,84.7,75.5,74.8,8.6,29.8,,,,,,,,,
2019,8,25,84.6,75.6,75.7,8.4,29.7,,,,,,,,,
2019,8,26,81.6,75.5,83.5,10,29.7,,,,,,,,,
2019,8,27,83.9,73.3,71.9,10.1,29.7,,,,,,,,,
2019,8,28,85.1,73.5,69.2,10,29.7,,,,,,,,,
2019,8,29,84.7,74.2,72.2,10,29.7,,,,,,,,,
2019,8,30,81.6,75.6,82.3,8.3,29.6,,,,,,,,,
2019,8,31,82.9,76,80.4,8.1,29.6,,,,,,,,,
2019,9,1,83,76.9,82.7,7.5,29.7,,,,,,,,,
2019,9,2,83.6,73.9,74,9.9,29.7,,,,,,,,,
2019,9,3,81.4,75.9,84.5,9,29.7,,,,,,,,,
2019,9,4,82.1,75.7,81.7,8.9,29.7,,,,,,,,,
2019,9,5,82.8,74.4,77.4,8.7,29.7,,,,,,,,,
2019,9,6,83.5,75.3,78.2,7,29.8,,,,,,,,,
2019,9,7,85.4,73.8,69.8,7.8,29.8,,,,,,,,,
2019,9,8,84.1,74,72.7,10.6,29.8,,,,,,,,,
2019,9,9,85.1,74.6,71.7,10.2,29.8,,,,,,,,,
2019,9,10,83.7,74.9,76.4,6.7,29.8,,,,,,,,,
2019,9,11,84.4,74.5,74.6,5,29.9,,,,,,,,,
2019,9,12,85.3,73.2,68.9,6.8,29.9,,,,,,,,,
2019,9,13,86.3,73.1,65,10.1,29.8,,,,,,,,,
2019,9,14,82.6,75.3,80.3,6.5,29.7,,,,,,,,,
2019,9,15,84.5,76.9,79.8,4.6,29.7,,,,,,,,,
2019,9,16,83,76.8,82.2,4.1,29.7,,,,,,,,,
2019,9,17,84.9,77.1,79.6,5.4,29.7,,,,,,,,,
2019,9,18,83.2,76.3,81.2,4.6,29.8,,,,,,,,,
2019,9,19,81,77,88.4,5.3,29.8,,,,,,,,,
2019,9,20,82,77.4,86.5,3.7,29.8,,,,,,,,,
2019,9,21,78.9,77.3,95.2,2.6,29.8,,,,,,,,,
2019,9,22,79.9,75.9,88.7,3.3,29.8,,,,,,,,,
2019,9,23,78.2,76,93.7,6.6,29.9,,,,,,,,,
2019,9,24,83.4,75.5,79.3,4.5,29.9,,,,,,,,,
2019,9,25,85.1,74.4,71.5,5.4,29.9,,,,,,,,,
2019,9,26,86.5,73.8,67.4,5.3,29.9,,,,,,,,,
2019,9,27,85.8,75.8,73,4.3,29.9,,,,,,,,,
2019,9,28,86.4,73.5,67.2,5.2,29.9,,,,,,,,,
2019,9,29,87.3,72.5,63,5.1,29.9,,,,,,,,,
2019,9,30,86.2,76.2,72.8,4.5,29.8,,,,,,,,,
2019,10,1,84.1,78.4,82.7,6.7,29.8,,,,,,,,,
2019,10,2,85.1,77.3,78.2,5.5,29.8,,,,,,,,,
2019,10,3,84.7,77.8,80,5.6,29.8,,,,,,,,,
2019,10,4,82,75.4,81.6,4.1,29.8,,,,,,,,,
2019,10,5,80.6,76.3,88,3.7,29.8,,,,,,,,,
2019,10,6,81.1,75.5,84.7,3.8,29.8,,,,,,,,,
2019,10,7,81.6,75.2,82.6,4.7,29.8,,,,,,,,,
2019,10,8,82.6,75.2,79.9,4.8,29.8,,,,,,,,,
2019,10,9,83.3,75.9,79.1,4.8,29.8,,,,,,,,,
2019,10,10,84.4,76.2,77.6,4.9,29.8,,,,,,,,,
2019,10,11,85.8,75.3,72,4.8,29.8,,,,,,,,,
2019,10,12,84.8,76.1,75.8,5.5,29.8,,,,,,,,,
2019,10,13,85.4,75.9,75.2,4.9,29.8,,,,,,,,,
2019,10,14,84.2,75.5,77.3,5.3,29.9,,,,,,,,,
2019,10,15,84.3,75.2,76.3,5.3,29.9,,,,,,,,,
2019,10,16,85.4,75.6,74,5.6,29.9,,,,,,,,,
2019,10,17,85.4,75,72,7,29.9,,,,,,,,,
2019,10,18,86,73.7,68.1,5.4,29.9,,,,,,,,,
2019,10,19,86.1,73.9,67.8,5.6,29.9,,,,,,,,,
2019,10,20,86,74.6,69.7,4.9,29.9,,,,,,,,,
2019,10,21,87.3,73.5,65.4,4.3,29.8,,,,,,,,,
2019,10,22,86.4,76.1,72,4,29.8,,,,,,,,,
2019,10,23,88.1,77.3,71.2,4,29.8,,,,,,,,,
2019,10,24,88.3,76.7,69.9,5,29.8,,,,,,,,,
2019,10,25,87.7,78,74.1,5.3,29.8,,,,,,,,,
2019,10,26,87.7,77.2,72.5,4.5,29.8,,,,,,,,,
2019,10,27,87,76,70.5,5.5,29.8,,,,,,,,,
2019,10,28,86.9,75.7,70.9,5.3,29.8,,,,,,,,,
2019,10,29,85.7,76.2,74.8,4.7,29.8,,,,,,,,,
2019,10,30,84.8,71.3,65.7,5.4,29.8,,,,,,,,,
2019,10,31,82.9,65.4,56.8,7.9,29.8,,,,,,,,,
2019,11,1,77.6,70.2,77.8,11,29.8,,,,,,,,,
2019,11,2,79,73.6,84.2,5.9,29.8,,,,,,,,,
2019,11,3,82.6,75.3,80.8,6.2,29.8,,,,,,,,,
2019,11,4,82.2,74.7,79.7,3.5,29.9,,,,,,,,,
2019,11,5,84.5,72.7,69.3,3.8,29.8,,,,,,,,,
2019,11,6,85,71.9,65,4.5,29.8,,,,,,,,,
2019,11,7,85.5,72.4,66.2,5.3,29.8,,,,,,,,,
2019,11,8,83.7,69.5,63.1,6.4,29.9,,,,,,,,,
2019,11,9,81.5,67.5,63.1,6,29.9,,,,,,,,,
2019,11,10,81,65.5,60.7,5,29.9,,,,,,,,,
2019,11,11,82.4,63.9,54.7,5.7,29.8,,,,,,,,,
2019,11,12,84.8,66.9,56.4,4.5,29.8,,,,,,,,,
2019,11,13,82.5,72.6,72.8,7.6,29.9,,,,,,,,,
2019,11,14,82.8,72.7,72.5,6.6,29.9,,,,,,,,,
2019,11,15,83.8,69.7,63.1,4.2,29.9,,,,,,,,,
2019,11,16,84,70.5,65.2,4.4,29.9,,,,,,,,,
2019,11,17,84.5,71.8,67.3,3.5,29.8,,,,,,,,,
2019,11,18,85.5,73.2,68.4,3.9,29.8,,,,,,,,,
2019,11,19,85.9,69.7,60.9,5.9,29.8,,,,,,,,,
2019,11,20,83.3,68.5,61.5,7.1,29.9,,,,,,,,,
2019,11,21,83.1,67.9,61.5,6.8,29.9,,,,,,,,,
2019,11,22,82.7,67.1,61,4.3,29.9,,,,,,,,,
2019,11,23,84,65.9,56.5,3.8,29.9,,,,,,,,,
2019,11,24,83.3,63.8,53.7,4.6,29.9,,,,,,,,,
2019,11,25,84.7,67.3,57,5.4,29.9,,,,,,,,,
2019,11,26,83.2,65.6,56.1,5.5,29.9,,,,,,,,,
2019,11,27,85.8,71.3,61.9,5.2,29.8,,,,,,,,,
2019,11,28,86.3,71.2,61.2,7.4,29.9,,,,,,,,,
2019,11,29,84.2,68.4,59.4,7,29.9,,,,,,,,,
2019,11,30,85.3,70,60.1,5.2,29.9,,,,,,,,,
2019,12,1,85.4,72.3,65.8,3.7,29.9,,,,,,,,,
2019,12,2,84.2,68.3,60.4,8.3,29.9,,,,,,,,,
2019,12,3,77.9,62.5,59.3,7,29.9,,,,,,,,,
2019,12,4,74.5,59.1,60.1,6.8,30,,,,,,,,,
2019,12,5,73,55.4,55.3,6.6,30,,,,,,,,,
2019,12,6,73.3,53.7,51.2,7.3,30,,,,,,,,,
2019,12,7,71.8,51.9,50.2,6.8,30,,,,,,,,,
2019,12,8,72.1,53.7,52.9,5.1,30,,,,,,,,,
2019,12,9,73.7,56.8,57.1,4,30,,,,,,,,,
2019,12,10,75.5,57.9,56.4,4.6,29.9,,,,,,,,,
2019,12,11,77,59.8,56.7,4.1,29.9,,,,,,,,,
2019,12,12,78.7,60.8,56,5.3,29.9,,,,,,,,,
2019,12,13,79,62.5,58.6,3.6,29.9,,,,,,,,,
2019,12,14,80.7,64.5,59.4,6.2,29.9,,,,,,,,,
2019,12,15,82.4,65.4,57.5,5,29.9,,,,,,,,,
2019,12,16,83.3,68.3,61.5,6.2,29.9,,,,,,,,,
2019,12,17,85.2,69.1,60.1,5.5,29.9,,,,,,,,,
2019,12,18,84.8,69.8,61.4,5.6,29.9,,,,,,,,,
2019,12,19,85,70.8,63.8,4.2,29.9,,,,,,,,,
2019,12,20,84.5,72.5,68.8,4.5,29.8,,,,,,,,,
2019,12,21,85.2,72.4,67.8,3.4,29.9,,,,,,,,,
2019,12,22,84.6,72.3,69.3,4.1,29.9,,,,,,,,,
2019,12,23,84.3,71.9,69.2,3.5,29.9,,,,,,,,,
2019,12,24,84.2,72.3,71,4.1,29.9,,,,,,,,,
2019,12,25,83.8,74.1,74.5,3.6,29.9,,,,,,,,,
2019,12,26,84.2,74.1,73.5,3.3,29.9,,,,,,,,,
2019,12,27,84,71.7,69.2,4.9,29.9,,,,,,,,,
2019,12,28,82.8,68.3,63.2,6.5,29.9,,,,,,,,,
2019,12,29,83.1,66.3,58.6,4.8,29.9,,,,,,,,,
2019,12,30,83.9,65.2,54.6,5,29.9,,,,,,,,,
2019,12,31,83.5,68,60.7,5.3,29.9,,,,,,,,,
2020,1,1,83.7,67,58.8,8,30,,,,,,,,,
2020,1,2,83.1,67.5,60.6,7.2,30,,,,,,,,,
2020,1,3,83.8,68.1,60.5,5.2,29.9,,,,,,,,,
2020,1,4,84,68.1,60.1,4.5,29.9,,,,,,,,,
2020,1,5,84.1,67.2,58.1,6.2,29.9,,,,,,,,,
2020,1,6,84.4,67.1,58.4,4.7,29.9,,,,,,,,,
2020,1,7,84.3,66.7,58.8,4.9,29.9,,,,,,,,,
2020,1,8,85.2,68.8,60.9,5.8,29.9,,,,,,,,,
2020,1,9,86.9,70.3,60.3,4.7,29.8,,,,,,,,,
2020,1,10,86.7,71,60.7,4.2,29.8,,,,,,,,,
2020,1,11,85.2,75.5,74,5.7,29.8,,,,,,,,,
2020,1,12,85.1,75.5,74.8,5.7,29.8,,,,,,,,,
2020,1,13,83.3,74.7,76.5,6.1,29.8,,,,,,,,,
2020,1,14,83.9,74.3,75.4,4.8,29.8,,,,,,,,,
2020,1,15,83.8,73.4,73.4,4.2,29.9,,,,,,,,,
2020,1,16,84.2,73.8,73.5,4.7,29.9,,,,,,,,,
2020,1,17,84.4,73.6,72.8,4.6,29.9,,,,,,,,,
2020,1,18,84.3,75.6,76.8,4.3,29.9,,,,,,,,,
2020,1,19,84.9,75.3,74.3,4.4,29.9,,,,,,,,,
2020,1,20,84.7,73.3,70.6,4.1,29.9,,,,,,,,,
2020,1,21,84.3,74,72.9,4.6,29.9,,,,,,,,,
2020,1,22,85,75.3,74.8,3.8,29.9,,,,,,,,,
2020,1,23,85.4,75.2,73.3,6.8,29.9,,,,,,,,,
2020,1,24,85.3,75.6,74.2,8.4,29.9,,,,,,,,,
2020,1,25,84.6,74.7,73.5,11.1,29.8,,,,,,,,,
2020,1,26,85.3,70.6,64.5,7.3,29.8,,,,,,,,,
2020,1,27,84.1,64.5,56,9.5,29.8,,,,,,,,,
2020,1,28,82.3,64.6,56.4,8.1,29.8,,,,,,,,,
2020,1,29,83.4,67.8,63,4.8,29.9,,,,,,,,,
2020,1,30,81.7,66.4,60.8,5.5,29.9,,,,,,,,,
2020,1,31,80.6,63,55.6,6.7,29.9,,,,,,,,,